ref	title	price_supplier	price	author	category	hero	editor	supplier	ref_editor	ref_supplier	synopsis
BD000001	LE GRAND FOSSÉ	8.11	8.54	GOSCINNY / UDERZO	HUMOUR	ASTERIX	ALBERT RENÉ	HACHETTE	5030002	9782864970002	
BD000002	ASTERIX BARBARELLA ET CIE	28.23	29.72	UDERZO		GROENSTEEN	SOMOGY	C.D.I		9782850563898	L'histoire de la BD, qui commence dans les années 1830, a rarement été racontée dans sa continuité, éparpillée qu'elle est entre toutes sortes de dictionnaires et d'études monographiques. Thierry GROENSTEEN, directeur du musée de la bande dessinée d'expression française, des origines à nos jours, s'intéressant tout à la fois aux oeuvres, aux techniques, aux supports et à la sociologie du média. Accompagnée d'une chronologie extrêmement détaillée, cette histoire est détaillée par 120 planches parmi les plus significatives du fonds francophone conservé au Musée de la BD comme celles de BILAL, FRANQUIN, HERGE, MOEBIUS, TARDI, UDERZO, etc... Chacune de ces planches fait l'objet d'un commentaire esthétique.<br>280 pages - Relié - Format 25 x 28
BD000003	LISE A SOUVENT PEUR - T1	11.3	11.89	MAKYO	AVENTURE	GRAINES DE PARADIS	GLÉNAT	HACHETTE	7387475	9782723429498	Pierre Zakhano, jeune écrivain, est interviewé pour la sortie de son premier roman intitulé L'Histoire de Chaque jour. Sous forme de biographie, ce livre raconte l'histoire d'une jeune fille, Lise, l'ayant visiblement beaucoup marqué. Ses souvenirs d'enfance réapparaissent alors. Lise, jeune fille lunatique et renfermée, vit seule avec sa mère et sa grand-mère dans une grande propriété de campagne. Son meilleur ami est Pierre à qui elle confie tout ce qu'elle a sur le coeur. Pour tenter de l'apaiser, il lui propose une petite histoire différente chaque jour, dont celle des Graines de Paradis, révélant que chaque grain de beauté, en fonction de sa position sur le visage, est le signe d'un pouvoir. Celui que possède Lise sur la joue droite lui permet de garder un coeur léger dans toutes les épreuves.
BD000004	CHRONIQUES BANCALES ET TURBULENTES	14.19	14.94	BEAUDOIN		CHRONIQUES BANCALES	AU BORD DES CONTINENTS	HACHETTE	5345004	9782911684159	Une échappée fulgurante dans l'univers poétique et trépident des Bigoudènes iconoclastes de Gérard BEAUDOIN.<br><br>Album 80 pages - Format 27,5 x 21
BD000005	SPECIAL LEADER  - A Paraître			GRATON	AVENTURE		DUPUIS	HACHETTE	5800461	9782870980200	
BD000006	BATMAN ANNEE UN	11.44	12.04	MILLER / MAZZUCCHELLI	FANTASTIQUE	BATMAN	DELCOURT	UNION DISTRIBUTION	F62475	9782840554417	
BD000007	L'ODYSSEE D'ASTERIX	8.11	8.54	GOSCINNY / UDERZO	HUMOUR	ASTERIX	ALBERT RENÉ	HACHETTE	5030010	9782864970040	
BD000008	FROM HELL	42.72	44.97	CAMPBELL / MOORE	THRILLER	FROM HELL	DELCOURT	UNION DISTRIBUTION	F62519		Pour faire face à un chantage concernant la naissance d'un enfant né de l'union inavouable d'un petit-fils de la famille royale et d'une prostituée, la Reine Victoria dépèche son médecin, William Gull, afin de régler ce problème. Celui-ci, tout en suivant les ordres de la Reine, va néanmoins poursuivre ses propres plans. Les meurtres atroces qu'il va commettre à Whitechapel durant l'automne 1888 défrayeront la chronique... Le mystérieux assassin, surnommé Jack l'éventreur, ne sera jamais identifié par la police. Les crimes qu'il commet auront pour Gull/Jack l'éventreur, une portée telle qu'ils provoqueront chez lui des visions terrifiantes d'un XXème siècle froid et inhumain...
BD000009	LES TROIS CHEMINS	8.26	8.69	TRONDHEIM / GARCIA	JEUNESSE	LES TROIS CHEMINS	DELCOURT	UNION DISTRIBUTION	F62538	9782840554615	John Mc Mac, avare notoire, est à la recherche de trois pièces d'or qu'un de ses créanciers lui doit. Roselita, elle, a l'habitude de recevoir tous les matins le pain d'un nuage, jusqu'au jour où il ne lui envoie plus que des pierres. H Deuzio est un petit robot qui a peur de l'eau parce qu'elle pourrait le faire rouiller, et qui voyage en bateau. Ces trois personnages évoluent chacun sur leur propre route. Au gré de leurs aventures, les chemins et les destins vont se croiser et se décroiser.
BD000010	NANA FAIT DES CAUCHEMARS - T1	8.26	8.69	JOHANNA	JEUNESSE	LES PHOSFEES	DELCOURT	UNION DISTRIBUTION			Nana est une petite fille comme les autres. Et comme les autres, Nana fait des cauchemars, mais elle, c'est toutes les nuits. Elle rêve d'une vilaine sorcière qui vient la chercher et lui fait subir mille supplices. Un soir, elle aperçoit des étincelles colorées qui dansent dans un rayon de lumière : ce sont les Phosfées qui l'aideront à combattre les monstres de la nuit...
BD000011	ZELIE L'APPRENTIE SORCIERE	8.26	8.69	CHICAULT	JEUNESSE	ZELIE	DELCOURT	UNION DISTRIBUTION			
BD000012	UNE LECTURE DE TINTIN AU TIBET	19.99	21.04	FLOCH	AVENTURE	TINTIN	PUF	UNION DISTRIBUTION	PB2060	9782130488149	
BD000013	LE FILS D'ASTERIX	8.11	8.54	GOSCINNY / UDERZO	HUMOUR	ASTERIX	ALBERT RENÉ	HACHETTE	5030028	9782864970118	
BD000014	COFFRET LES TECHNOPERES - T1 A T3	37	38.95	JODOROWSKY / JANJETOV / BELTRAN		LES TECHNOPERES	HUMANOIDES ASSOCIES	HACHETTE	4349643		
BD000015	KITCHEN	11.59	12.2	YOSHIMOTO			GALLIMARD	SODIS	A731442	9782070731442	
BD000016	LEZARD	14.48	15.24	YOSHIMOTO			RIVAGES	LE SEUIL	37643		
BD000017	V COMME ENGEANCE	14.19	14.94	LOUSTAL			AUTREMENT	LE SEUIL	10063		
BD000018	ARRIERE SAISON	9.41	9.91	LOUSTAL			ALBIN MICHEL	HACHETTE			
BD000019	ASTERIX CHEZ RAHAZADE	8.11	8.54	GOSCINNY / UDERZO	HUMOUR	ASTERIX	ALBERT RENÉ	HACHETTE	5030036	9782864970200	
BD000020	SAD' CLUB - T1	18.29	18.29	SAINT MARC	ÉROTIQUE	SAD' CLUB	LA MUSARDINE	LA MUSARDINE	F913		Album illustré Grand Format - Textes à droite et dessins à gauche - Les fantasmes sado-masochistes d'un auteur disciple de Joseph Farel.
BD000021	HORS JEU	17.6	18.29	BILAL			AUTREMENT	LE SEUIL	9698		
BD000022	LOS ANGELES - VERSION NORMALE	17.6	18.29	BILAL			AUTREMENT	LE SEUIL	6949		
BD000023	LE SARCOPHAGE	12.31	12.96	BILAL / CHRISTIN		CORRESPONDANCES DE PIERRE CHRISTIN	DARGAUD	MDS	14517		
BD000024	YRAGAEL - T1	12.89	13.57	DRUILLET / DEMUTH		YRAGAEL	ALBIN MICHEL	HACHETTE	6055354	2226121137	Ceci est l'histoire de la chute du tout dernier empire sur terre, quand elle portait l'empreinte des Dieux créateurs qui assistèrent à l'éclosion de l'univers. Ceci concerne la cité de Sphardin, coeur desséché du royaume de Cèmèroon. la face de la terre qui abritait l'oeil du cosmos initial, dont le Vortex était la pupille, un puits de néant et d'étoiles ouvert sur le passé et le devenir. Ceci est le récit d'Yragaël, porteur de la vision, héritier du trône de Spharaïn et de sa lutte effrayante contre son frère fou, Saber d'Irismonde. Ceci est la ballade du plus fragile et terrifiant amour que jamais un mâle noble porta à une magicienne. Et ceci est aussi et surtout la complainte de la fin des hommes...
BD000025	LA ROSE ET LE GLAIVE	8.11	8.54	GOSCINNY / UDERZO	HUMOUR	ASTERIX	ALBERT RENÉ	HACHETTE	5030168	9782864970538	
BD000026	LA NUIT	12.89	13.57	DRUILLET			SEFAM	HACHETTE	6055362		
BD000027	PARIS DE FOUS	35.48	37.35	DRUILLET / DOISNEAU			DARGAUD	MDS	16680		
BD000028	NOSTALGIA IN TIME SQUARE	3.35	3.35	FERRANDEZ			FUTUROPOLIS	SODIS	9556593		
BD000029	CHEZ LES CHEIKHS	12.31	12.96	FERRANDEZ / CHRISTIN			DARGAUD	MDS	14511		A gauche, le désert des déserts, celui de Lawrence d'Arabie. A droite, une monstrueuse usine de déssalement des eaux. Devant, une femme-oiseau avec son masque scintillant. Derrière, des puits de pétrole plantés en pleine mer.<br><br>Voyage dans l'espace-temps aux Emirats Arabes Unis.
BD000030	LES ESCLAVES DE DUENA - T2	18.29	18.29	SAINT MARC	ÉROTIQUE	SAD' CLUB	LA MUSARDINE	LA MUSARDINE	F903		Album illustré Grand Format - Textes à droite et dessins à gauche - Les fantasmes sado-masochistes d'un auteur disciple de Joseph Farel.
BD000031	LA GALERE D'OBELIX	8.11	8.54	GOSCINNY / UDERZO	HUMOUR	ASTERIX	ALBERT RENÉ	HACHETTE	5030093	9782864970965	
BD000032	LA GALERE D'OBELIX - VERSION SEMI LUXE	17.6	18.29	GOSCINNY / UDERZO	HUMOUR	ASTERIX	ALBERT RENÉ	HACHETTE	5030606	9782864971122	
BD000033	ASTERIX ET LA SURPRISE DE CESAR	8.26	8.69	GOSCINNY / UDERZO	HUMOUR	ASTERIX	ALBERT RENÉ	HACHETTE	5030044	9782864970156	
BD000034	LE COUP DU MENHIR	7.68	8.08	GOSCINNY / UDERZO	HUMOUR	ASTERIX	ALBERT RENÉ	HACHETTE	5030051	9782864970491	
BD000035	ASTERIX ET LES INDIENS	7.68	8.08	GOSCINNY / UDERZO	HUMOUR	ASTERIX	ALBERT RENÉ	HACHETTE	5030507	9782864970842	
BD000036	COMMENT OBELIX EST TOMBE DANS LA MARMITE	6.81	7.17	GOSCINNY / UDERZO	HUMOUR	ASTERIX	ALBERT RENÉ	HACHETTE	5030069	9782864970392	Il fallait bien qu'un jour la vérité éclate. Qu'un jour enfin, l' Humanité sache le fin mot de ce mystère qui la tient en haleine depuis plus de deux mille ans. Car si l'on n'ignore pas qu' Obélix est tombé dans la marmite de potion magique quand il était petit, on ne sait pas comment. Eh bien ! L' heure est venue. Et dans la mesure où il porte sa part de responsabilité dans cette sombre affaire, nous avons demandé à Astérix de tout vous dire. Alors, fiat lux !
BD000037	UDERZO DE FLAMBERGE A ASTERIX	26.07	27.44	GOSCINNY / UDERZO	HUMOUR	ASTERIX	ALBERT RENÉ	HACHETTE	5030077	9782905336002	Plan de l'ouvrage : Le Temps des Réglisses 1927 à 1940 - Le Temps des Tickets 1940 à 1945 - Le Temps des Essais 1945 à 1959 - Le Temps de Pilote 1959 à 1961 - L'Ere d'Astérix 1961
BD000038	OUMPAH PAH LE PEAU ROUGE - T1	8.54	8.99	GOSCINNY / UDERZO	HUMOUR	OUMPAH PAH	ALBERT RENÉ	HACHETTE	5030564	9782864970934	Né en 1951 de l'imagination délirante de René Goscinny et d'Albert Uderzo, Oumpah Pah et son complice Hubert de la Pâte Feuilletée nous entraînent dans de folles aventures dignes des meilleurs épisodes de la série Astérix. Cependant ce n'est qu'en 1958 que les lecteurs du journal Tintin découvriront, les premiers, notre sympathique héros. Comme pour Jehan Pistolet, l'histoire se déroule au XVIIIème siècle et met en confrontation la tribu des Shavashavas et les premiers européens qui découvrent le Nouveau Monde.
BD000039	OUMPAH PAH SUR LE SENTIER DE LA GUERRE - ET LES PIRATES - T2	8.54	8.99	GOSCINNY / UDERZO	HUMOUR	OUMPAH PAH	ALBERT RENÉ	HACHETTE	5030572	9782864970941	Né en 1951 de l'imagination délirante de René Goscinny et d'Albert Uderzo, Oumpah Pah et son complice Hubert de la Pâte Feuilletée nous entraînent dans de folles aventures dignes des meilleurs épisodes de la série Astérix. Cependant ce n'est qu'en 1958 que les lecteurs du journal Tintin découvriront, les premiers, notre sympathique héros. Comme pour Jehan Pistolet, l'histoire se déroule au XVIIIème siècle et met en confrontation la tribu des Shavashavas et les premiers européens qui découvrent le Nouveau Monde.
BD000040	OUMPAH PAH - LA MISSION SECRETE - CONTRE FOIE MALADE - T3	8.54	8.99	GOSCINNY / UDERZO	HUMOUR	OUMPAH PAH	ALBERT RENÉ	HACHETTE	5030580	9782864970958	Né en 1951 de l'imagination délirante de René Goscinny et d'Albert Uderzo, Oumpah Pah et son complice Hubert de la Pâte Feuilletée nous entraînent dans de folles aventures dignes des meilleurs épisodes de la série Astérix. Cependant ce n'est qu'en 1958 que les lecteurs du journal Tintin découvriront, les premiers, notre sympathique héros. Comme pour Jehan Pistolet, l'histoire se déroule au XVIIIème siècle et met en confrontation la tribu des Shavashavas et les premiers européens qui découvrent le Nouveau Monde.
BD000041	CORSAIRE PRODIGIEUX - T1	7.82	8.23	GOSCINNY / UDERZO	HUMOUR	JEHAN PISTOLET	ALBERT RENÉ	HACHETTE	5030622	9782864971214	Editées pour la première fois en 1952, dans la Libre Junior, les aventures de Jehan Pistolet représentent l'œuvre de jeunesse de René Goscinny et d'Albert Uderzo. Elles préfigurent déjà, 7 ans avant Astérix, l'humour caractéristique de nos deux auteurs. Les deux séries cohabiteront d'ailleurs en 1960 dans le magazine Pilote. L'histoire se déroule au XVIIIème siècle où un groupe d'amis décide de se lancer dans l'Aventure en devenant corsaires. Humour et action sont au rendez-vous tout au long de ces albums.
BD000042	CORSAIRE DU ROY - T2	7.82	8.23	GOSCINNY / UDERZO	HUMOUR	JEHAN PISTOLET	ALBERT RENÉ	HACHETTE	5030630	9782864971207	Editées pour la première fois en 1952, dans la Libre Junior, les aventures de Jehan Pistolet représentent l'œuvre de jeunesse de René Goscinny et d'Albert Uderzo. Elles préfigurent déjà, 7 ans avant Astérix, l'humour caractéristique de nos deux auteurs. Les deux séries cohabiteront d'ailleurs en 1960 dans le magazine Pilote. L'histoire se déroule au XVIIIème siècle où un groupe d'amis décide de se lancer dans l'Aventure en devenant corsaires. Humour et action sont au rendez-vous tout au long de ces albums.
BD000043	JEHAN PISTOLET ET L'ESPION - T3	7.82	8.23	GOSCINNY / UDERZO	HUMOUR	JEHAN PISTOLET	ALBERT RENÉ	HACHETTE	5030648	9782864971269	Editées pour la première fois en 1952, dans la Libre Junior, les aventures de Jehan Pistolet représentent l'œuvre de jeunesse de René Goscinny et d'Albert Uderzo. Elles préfigurent déjà, 7 ans avant Astérix, l'humour caractéristique de nos deux auteurs. Les deux séries cohabiteront d'ailleurs en 1960 dans le magazine Pilote. L'histoire se déroule au XVIIIème siècle où un groupe d'amis décide de se lancer dans l'Aventure en devenant corsaires. Humour et action sont au rendez-vous tout au long de ces albums.
BD000044	SOMBRES DESTINS	11.44	12.04	ABULI / OSWAL			ALBIN MICHEL	HACHETTE	6052260	9782226095930	
BD000045	SNAKE DOUBLE PAIRE	9.99	10.52	ABULI / BERNET	HUMOUR	SNAKE	ALBIN MICHEL	HACHETTE	6052427	9782226106292	
BD000046	LES MISERES DE LA VIE DE BUREAU - T1	11.44	12.04	ADAMS	HUMOUR	DILBERT	ALBIN MICHEL	HACHETTE	6052237	9782226095527	
BD000047	BIENVENUE DANS LE MONDE MERVEILLEUX DE L'INFORMATIQUE - T2	11.44	12.04	ADAMS	HUMOUR	DILBERT	ALBIN MICHEL	HACHETTE	6052294	9782226099549	
BD000048	COMMENT DEVENIR CHEF A LA PLACE DU CHEF - T3	11.44	12.04	ADAMS	HUMOUR	DILBERT	ALBIN MICHEL	HACHETTE	6052377	9782226104526	
BD000049	LES NOUVELLES MISERES DE LA VIE DE BUREAU - T4	11.44	12.04	ADAMS	HUMOUR	DILBERT	ALBIN MICHEL	HACHETTE	6052500	9782226106841	
BD000050	Y A-T-IL UNE VIE APRES LE BUREAU - T5	11.44	12.04	ADAMS	HUMOUR	DILBERT	ALBIN MICHEL	HACHETTE	6052609	9782226107497	
BD000051	LE PETIT MONDE DE PETASSINE	11.44	12.04	AMOURIQ	ÉROTIQUE	PETASSINE	ALBIN MICHEL	HACHETTE	6051403	9782226056757	POUR ADULTES
BD000052	LES FURIES	11.3	11.89	ARNON	HUMOUR	LES FURIES	ALBIN MICHEL	HACHETTE	6051932	9782226079411	Femmes fatales et pirates sanguinaires, îles désertes et fabuleux trésor, odeurs de poudre, de sexe et de bagarre... Avec ARNON et ses Furies, vivez la plus fabuleuse légende de tous les temps : la grande piraterie sous le soleil des Caraïbes... Mais assez perdu de temps : à l'abordage !
BD000053	NEANDERTHAL GIRLS	11.3	11.89	ARNON	HUMOUR	COEURS DE SILEX	ALBIN MICHEL	HACHETTE	6052161	9782226094674	
BD000054	QU'EST CE QU'ELLES ONT LES FILLES	8.54	8.99	AUTHEMAN	HUMOUR		ALBIN MICHEL	HACHETTE	6051429	9782226056771	Gisèle, Olga, Elvire, Paméla... Elles sont toutes super, mais quelles embrouilles en perspective !
BD000055	DERANGEZ PAS MEME	9.41	9.91	AUTHEMAN	HUMOUR		ALBIN MICHEL	HACHETTE	6051759	9782226076137	AUTHEMAN poursuit l'exploration de l'éternel féminin. Décapant !
BD000056	L'OMBRE DE MOI MEME	11.44	12.04	AUTHEMAN	HUMOUR		ALBIN MICHEL	HACHETTE	6055164	9782226107527	Suite de situations insolites et amusantes, puisque le héros de ce recueil est perpetuellement suivi par son ombre !
BD000057	COURS CAMARADE	8.26	8.69	BARU	HUMOUR		ALBIN MICHEL	HACHETTE	6051049	9782226031686	
BD000058	LA PISCINE DE MICHEVILLE	9.99	10.52	BARU	HUMOUR		ALBIN MICHEL	HACHETTE	6051643	9782226065636	
BD000059	ET DIEU CREA EVE AH OUI ADAM AUSSI	9.99	10.52	BERCOVICI / JAGER	HUMOUR	ET DIEU CREA EVE	ALBIN MICHEL	HACHETTE	6052179	9782226094681	
BD000060	LEON LA TERREUR	7.53	7.93	BOOGAARD / SCHIPPERS	HUMOUR	LEON LA TERREUR	ALBIN MICHEL	HACHETTE	6003602	9782226016744	
BD000061	LEON LA TERREUR S'EN BALANCE	7.53	7.93	BOOGAARD / SCHIPPERS	HUMOUR	LEON LA TERREUR	ALBIN MICHEL	HACHETTE	6050934	9782226025845	
BD000062	LEON LA TERREUR FAIT DES VAGUES	7.1	7.93	BOOGAARD / SCHIPPERS	HUMOUR	LEON LA TERREUR	ALBIN MICHEL	HACHETTE	6051031	9782226031730	
BD000063	LEON LA TERREUR CASSE LA BARAQUE	8.26	8.69	BOOGAARD / SCHIPPERS	HUMOUR	LEON LA TERREUR	ALBIN MICHEL	HACHETTE	6051304	9782226048875	
BD000064	LE MEILLEUR DE LEON LA TERREUR - BEST OF	27.52	28.97	BOOGAARD / SCHIPPERS	HUMOUR	LEON LA TERREUR	ALBIN MICHEL	HACHETTE	6051940	9782226085153	
BD000065	LES ANNEES PATTES D'EPH	9.99	10.52	CABANES	HUMOUR		ALBIN MICHEL	HACHETTE	6051528	9782226060013	
BD000066	BOUQUET DE FLIRTS	10.86	11.43	CABANES	HUMOUR		ALBIN MICHEL	HACHETTE	6051924	9782226085504	
BD000067	LE GROS BLOND AVEC SA CHEMISE NOIRE	8.26	8.69	CABU	HUMOUR		ALBIN MICHEL	HACHETTE	6017222	9782226031679	
BD000068	TONTON ACCRO	8.26	8.69	CABU	HUMOUR		ALBIN MICHEL	HACHETTE	6017420	9782226031709	
BD000069	A CONSOMMER AVEC MODERATION	8.26	8.69	CABU	HUMOUR		ALBIN MICHEL	HACHETTE	6018964	9782226035547	
BD000070	CABU AU CANARD ENCHAINE	9.99	10.52	CABU	HUMOUR		ALBIN MICHEL	HACHETTE	6019624	9782226035721	
BD000071	MORT AUX VIEUX	8.26	8.69	CABU	HUMOUR		ALBIN MICHEL	HACHETTE	6019673	9782226035745	
BD000072	LES INTERDITS DE CABU	11.59	12.2	CABU	HUMOUR		ALBIN MICHEL	HACHETTE	6020796	9782226037398	
BD000073	LES ABRUTIS SONT PARMI NOUS	12.89	13.57	CABU	HUMOUR		ALBIN MICHEL	HACHETTE	6023303	9782226052896	
BD000074	TONTON LA TERREUR	8.54	8.99	CABU	HUMOUR		ALBIN MICHEL	HACHETTE	6023345	9782226053220	
BD000075	ADIEU TONTON	8.54	8.99	CABU	HUMOUR		ALBIN MICHEL	HACHETTE	6051478	9782226059109	
BD000076	RESPONSABLES MAIS PAS COUPABLES	8.54	8.99	CABU	HUMOUR		ALBIN MICHEL	HACHETTE	6051544	9782226061812	
BD000077	SECRETS D'ETAT	12.31	12.96	CABU	HUMOUR		ALBIN MICHEL	HACHETTE	6028286	9782226061928	
BD000078	A VOTRE BON COEUR L'ABBE PIERRE CHEZ LES EXCLUS	9.99	10.52	CABU	HUMOUR		ALBIN MICHEL	HACHETTE	6051809	9782226077875	
BD000079	LES AVENTURES EPATANTES DE JACQUES CHIRAC	9.99	10.52	CABU	HUMOUR		ALBIN MICHEL	HACHETTE	6051965	9782226087034	
BD000080	SHOWBIZ	7.1	7.93	CABU	HUMOUR		ALBIN MICHEL	HACHETTE	6014195	9782226022936	
BD000081	LE RETOUR DU GROS BLOND	9.99	10.52	CABU	HUMOUR		ALBIN MICHEL	HACHETTE	6052112	9782226093677	
BD000082	LE MEILLEUR DU GRAND DUDUCHE	14.19	14.94	CABU	HUMOUR	GRAND DUDUCHE	ALBIN MICHEL	HACHETTE	6052476	9782226105578	
BD000083	VAS Y JOSPIN	9.99	10.52	CABU	HUMOUR		ALBIN MICHEL	HACHETTE	6052526	9782226107329	
BD000084	QUATRE PUNAISES AU CLUB	9.41	9.91	CESTAC / EDITH / DODO / ROQUES	HUMOUR		ALBIN MICHEL	HACHETTE	6051833	9782226078315	
BD000085	AMNESTY INTERNATIONAL AU SECOURS	12.89	13.57	COLLECTIF		AMNESTY INTERNATIONAL	ALBIN MICHEL	HACHETTE	6029409	9782226065483	
BD000086	VIVE LE FOOT	11.3	11.89	COLLECTIF	HUMOUR		ALBIN MICHEL	HACHETTE	239503	9782226100832	
BD000087	VENUS A LA FOURRURE	13.03	13.72	CREPAX	ÉROTIQUE	VENUS	ALBIN MICHEL	HACHETTE	6000277	9782226022776	
BD000088	ANITA 88	13.76	14.48	CREPAX	ÉROTIQUE	ANITA	ALBIN MICHEL	HACHETTE	6002109	9782226031563	
BD000089	ANITA EN DIRECT	10.86	11.43	CREPAX	ÉROTIQUE	ANITA	ALBIN MICHEL	HACHETTE	6018923	9782226034120	
BD000090	MES FEMMES	13.76	14.48	CRUMB	HUMOUR		ALBIN MICHEL	HACHETTE	6020440	9782226037312	Rondes, géantes, pulpeuses, dotées d'attributs digne des Vénus préhistoriques et d'un appêtit littéralement dévorant, telles sont les femmes de CRUMB.
BD000091	BELLE D'UN JOUR	9.99	10.52	CRUMB	HUMOUR		ALBIN MICHEL	HACHETTE	6051213	9782226037428	Anciens babas, nouveaux paumés, mais tous reconvertis à l'arrivisme et au yuppisme triomphant. Voici le monde de Belle, dont elle est le centre et le plus beau fleuron. Tout est bon pour Belle pour se faire valoir dans la course à la réussite sociale.
BD000092	PLUS MORTS QUE VIVANTS - T1	8.54	8.99	DAVIS	FANTASTIQUE	TALES FROM THE CRYPT	ALBIN MICHEL	HACHETTE	6052591	9782226107961	
BD000093	QUI A PEUR DU GRAND MECHANT LOUP - T2	8.54	8.99	DAVIS	FANTASTIQUE	TALES FROM THE CRYPT	ALBIN MICHEL	HACHETTE	6052534	9782226107978	
BD000094	L'OMBRE AUX TABLEAUX	9.99	10.52	DENIS	AVENTURE		ALBIN MICHEL	HACHETTE	6051338	9782226051608	
BD000095	BONBON PIMENT	11.44	12.04	DENIS	AVENTURE	BONBON PIMENT	ALBIN MICHEL	HACHETTE	6024178	9782226055590	
BD000096	LE PELICAN	9.99	10.52	DENIS	AVENTURE	LE PELICAN	ALBIN MICHEL	HACHETTE	6051692	9782226074652	
BD000097	DROLES D'OISIFS	9.41	9.91	DENIS	AVENTURE	DROLES D'OISIFS	ALBIN MICHEL	HACHETTE	6051866	9782226078704	
BD000098	ANIMAL LES AVENTURES D'ANDRE LE CORBEAU	17.6	18.29	DENIS	AVENTURE	ANDRE LE CORBEAU	ALBIN MICHEL	HACHETTE	6052195	9782226094704	
BD000099	LES SEPT PECHES CAPITAUX	11.3	11.89	DENIS	AVENTURE		ALBIN MICHEL	HACHETTE	6052328	9782226100504	
BD000100	KALEUNT	8.26	8.69	DIMITRI	AVENTURE	KALEUNT	ALBIN MICHEL	HACHETTE	6051064	9782226031723	
BD000101	RASPOUTITSA	9.99	10.52	DIMITRI	AVENTURE	RASPOUTITSA	ALBIN MICHEL	HACHETTE	6020333	9782226037305	
BD000102	LES ZOMES - T3	9.41	9.91	DIMITRI	HUMOUR	LE GOULAG	ALBIN MICHEL	HACHETTE	6002117	9782226020550	
BD000103	LES POURRIS - T5	8.54	8.99	DIMITRI	HUMOUR	LE GOULAG	ALBIN MICHEL	HACHETTE	6003222	9782226016461	
BD000104	LE MATCH DU SIECLE - T6	8.54	8.99	DIMITRI	HUMOUR	LE GOULAG	ALBIN MICHEL	HACHETTE	6005029	9782226021304	
BD000105	TOVARITCH SOURIRE - T9	9.41	9.91	DIMITRI	HUMOUR	LE GOULAG	ALBIN MICHEL	HACHETTE	6019095	9782226035585	
BD000106	LA BELLE - T10	9.99	10.52	DIMITRI	HUMOUR	LE GOULAG	ALBIN MICHEL	HACHETTE	6022222	9782226048806	
BD000107	EXOCET NOUS VOILA - T11	9.99	10.52	DIMITRI	HUMOUR	LE GOULAG	ALBIN MICHEL	HACHETTE	6024186	9782226055613	
BD000108	HALTE A LA VISCERE - T12	9.99	10.52	DIMITRI	HUMOUR	LE GOULAG	ALBIN MICHEL	HACHETTE	6026165	9782226059932	
BD000109	GOMINA LE POINT DU JOUR	7.1	7.93	DODO / BEN RADIS	HUMOUR	GOMINA	ALBIN MICHEL	HACHETTE	6051023	9782226029768	
BD000110	Y A DE L'AMOUR	11.3	11.89	DODO / BEN RADIS	HUMOUR	MAX ET NINA	ALBIN MICHEL	HACHETTE	6052211	9782226095336	
BD000111	SALAMMBO L'INTEGRALE	27.52	28.97	DRUILLET	AVENTURE	SALAMMBO	ALBIN MICHEL	HACHETTE	6051999	9782226106407	
BD000112	JAMAIS DEUX SANS TROIS	9.99	10.52	FLOC'H / FROMENTAL	AVENTURE		ALBIN MICHEL	HACHETTE	6051346	9782226052889	
BD000113	BLITZ - T1	11.3	11.89	FLOC'H / RIVIERE	AVENTURE	BLITZ	ALBIN MICHEL	HACHETTE	6037691	9782226088680	
BD000114	UNDERGROUND - T2	11.3	11.89	FLOC'H / RIVIERE	AVENTURE	BLITZ	ALBIN MICHEL	HACHETTE	6052021	9782226088482	
BD000115	LES CELIBATAIRES	11.44	12.04	FREMOND	HUMOUR	LES CELIBATAIRES	ALBIN MICHEL	HACHETTE	6023956	9782226053824	
BD000116	PINOCCHIA	10.86	11.43	GIBRAT / LEROI	ÉROTIQUE	PINOCCHIA	ALBIN MICHEL	HACHETTE	6051890	9782226080028	Et si Pinocchio était une fille ? Et si la poupée de bois prenait corps ? Et quel corps ! Et si elle n'était pas si innocente que ça ? Et si ça devenait un nouveau conte de fées, mais pour adultes avertis, cette fois-ci ?...
BD000117	LA SEVE ET LE SANG	9.99	10.52	GILLON	AVENTURE	JEHANNE	ALBIN MICHEL	HACHETTE	6051668	9782226065766	
BD000118	JEHANNE LA PUCELLE	17.36	18.29	GILLON	AVENTURE	JEHANNE	ALBIN MICHEL	HACHETTE	6052138	9782226094162	Il était une fois, ce jour de juin 1426 en royaume de France, une bergère, Jehanne, rêveuse fière et hardie. Adaptation libre de la légende de cette héroïne nationale.
BD000119	LA SURVIVANTE - T1	8.54	8.99	GILLON	AVENTURE	LA SURVIVANTE	ALBIN MICHEL	HACHETTE	6050926	9782226022929	
BD000120	L'ULTIMATUM - T4	8.54	8.99	GILLON	AVENTURE	LA SURVIVANTE	ALBIN MICHEL	HACHETTE	6051379	9782226055644	La Terre est ravagée par l'Apocalypse. Seuls survivent Aude, son fils Jonas et des robots sadiques, prêts à tout pour extirper des derniers humains le condensé de leurs sensations les plus profondes. Avec l'Ultimatum, quatrième et dernier volume de cette fresque post-atomique, Paul GILLON achève sa parabole sur la déshumanisation de notre monde.
BD000121	LA SURVIVANTE - INTEGRALE	27.52	28.97	GILLON	AVENTURE	LA SURVIVANTE	ALBIN MICHEL	HACHETTE	6051916	9782226080035	Elle a survécu à l' Apocalypse. Dans un monde que la vie a quitté, elle est seule. Seule avec les robots. Elle est LA SURVIVANTE !... Réservé aux Adultes Avertis !
BD000122	BRUNE	10.86	11.43	GUIBERT	AVENTURE	BRUNE	ALBIN MICHEL	HACHETTE	6051502	9782226059987	
BD000123	GAZOLINE ET LA PLANETE ROUGE	7.53	7.93	JANO	HUMOUR	GAZOLINE	ALBIN MICHEL	HACHETTE	122954	9782226037251	
BD000124	KEMI LE RAT DE BROUSSE	8.26	8.69	JANO	HUMOUR	KEMI	ALBIN MICHEL	HACHETTE	6051718	9782226075154	
BD000125	PANAME	14.19	14.94	JANO	AVENTURE		ALBIN MICHEL	HACHETTE	6052146	9782226093455	
BD000126	LES FABULEUSES DERIVES DE LA SANTA SARDHINA	11.3	11.89	JANO	AVENTURE	SANTA SARDHINA	ALBIN MICHEL	HACHETTE	6055156	9782226107510	
BD000127	KEBRA KRADO KOMIX	6.08	6.4	JANO / TRAMBER	HUMOUR	KEBRA	ALBIN MICHEL	HACHETTE	6005888	9782226022806	
BD000128	LES AVENTURES DE KEBRA	21.58	22.71	JANO / TRAMBER	HUMOUR	KEBRA	ALBIN MICHEL	HACHETTE	6052088	9782226092533	
BD000129	LE LIVRE DE LA JUNGLE	17.6	18.29	KURTZMAN	AVENTURE		ALBIN MICHEL	HACHETTE	6052054	9782226089021	
BD000130	LES PERLES DE L'AMOUR	8.38	8.69	LEVIS / LEROI	AVENTURE		ALBIN MICHEL	HACHETTE	6050892	9782226022790	Romance sous le ciel brûlant des Indes, la rencontre en pleine jungle de Rudyard Kipling et du Marquis de Sade.
BD000131	A CORPS PERDU	9.41	9.91	LEVIS / LEROI	AVENTURE		ALBIN MICHEL	HACHETTE	124904	9782226039781	
BD000132	DODO LA PETITE PENSIONNAIRE	12.04	12.04	LEROI / ROMANINI	AVENTURE	DODO	ALBIN MICHEL	HACHETTE	6023311	9782226053213	Paris 1946. Marthe Richard fait voter la fermeture des maisons closes. Que vont devenir les pensionnaires du 27 et la charmante Dodo ?
BD000133	LEA - T1	8.26	8.69	LE TENDRE / ROSSI	AVENTURE	LES ERRANCES DE JULIUS ANTOINE	ALBIN MICHEL	HACHETTE	6050918	9782226022882	
BD000134	LA MAISON - T2	8.26	8.69	LE TENDRE / ROSSI	AVENTURE	LES ERRANCES DE JULIUS ANTOINE	ALBIN MICHEL	HACHETTE	6051015	9782226027351	
BD000135	LE SUJET - T3	8.54	8.99	LE TENDRE / ROSSI	AVENTURE	LES ERRANCES DE JULIUS ANTOINE	ALBIN MICHEL	HACHETTE	6051163	9782226037244	
BD000136	LES FEMMES DE LIBERATORE	20.13	21.19	LIBERATORE	ÉROTIQUE	LES FEMMES	ALBIN MICHEL	HACHETTE	6052203	9782226095329	
BD000137	RANXEROX A NEW YORK - T1	11.3	11.89	LIBERATORE / TAMBURINI	HUMOUR	RANXEROX	ALBIN MICHEL	HACHETTE	6037675	9782226088697	
BD000138	BON ANNIVERSAIRE LUBNA - T2	11.3	11.89	LIBERATORE / TAMBURINI	HUMOUR	RANXEROX	ALBIN MICHEL	HACHETTE	6037683	9782226088703	
BD000139	AMEN - T3	11.3	11.89	LIBERATORE / CHABAT	HUMOUR	RANXEROX	ALBIN MICHEL	HACHETTE	6052013	9782226087973	
BD000140	RANXEROX LA TOTALE	17.6	18.29	LIBERATORE / TAMBURINI	HUMOUR	RANXEROX	ALBIN MICHEL	HACHETTE	6026173	9782226059925	
BD000141	LES INTERDITS DE LOUP	14.19	14.94	LOUP	HUMOUR		ALBIN MICHEL	HACHETTE	6051452	9782226056863	
BD000142	MEMOIRES AVEC DAMES PAR MOREL COX	9.41	9.91	LOUSTAL / FROMENTAL	AVENTURE		ALBIN MICHEL	HACHETTE	6051122	9782226035578	
BD000143	LA FLEUR DU LOTUS - T2	8.54	8.99	MAGNUS	ÉROTIQUE	LES 110 PILULES	ALBIN MICHEL	HACHETTE	6050942	9782226025722	Les 110 pilules c'est 110 allers simple pour l'extase. Mais attention à ne pas dépasser la dose prescrite...
BD000144	FEMMES ENVOUTEES	8.54	8.99	MAGNUS	ÉROTIQUE		ALBIN MICHEL	HACHETTE	6051247	9782226039750	
BD000145	ARTHUR LE COMBATTANT	11.44	12.04	CHAUVEL / LECURELEY		ARTHUR	DELCOURT	FLAMMARION			An 500. Le royaume de Bretagne est assailli de toutes parts par des peuples ennemis. Alors apparaît un étrange enfant nommé Myrrdin, doué de facultés divinatoires stupéfiantes. Et après lui, un guerrier sans égal : Arthur. Son épopée nous est racontée dans son intégralité, en une série fleuve qui prend sa source à la légende originelle... Un mythe incomparable restitué dans toute sa splendeur.
BD000146	DANS L'COCHON TOUT EST BON	11.44	12.04	MAZAN		PHILIBERT	DELCOURT	FLAMMARION			Philibert est un gentil garçon qui évolue dans une société obsédée par la bouffe et étouffée par la pollution. Sur une magnifique plage, où la température de l'eau est maintenue par l'usine voisine, le jeune homme rencontre Léa, jolie anorexique qui bronze un masque à gaz sur le visage. Elle disparaît quelques jours plus tard, laissant le pauvre garçon désemparé. Les retrouvailles auront lieu sur le lieu de travail de Philibert : la morgue.
BD000147	LE PARFUM DE L'INVISIBLE - T1	11.44	12.04	MANARA	ÉROTIQUE	LE PARFUM DE L'INVISIBLE	ALBIN MICHEL	HACHETTE	6050959	9782226027283	Un professeur de physique honnête et naïf, a mis au point une pommade qui lui permet de se rendre invisible. Il veut ainsi épier Béatrice, une jeune danseuse qu'il aime secrètement depuis son enfance. Miel (toujours aussi belle ), le découvre à moitié invisible dans sa chambre d'hôtel. Elle essaiera donc de le convaincre que Béatrice n'est pas celle qu'il croit, mais plutôt une diablesse prétentieuse.
BD000148	LE PARFUM DE L'INVISIBLE - T2	9.99	10.52	MANARA	ÉROTIQUE	LE PARFUM DE L'INVISIBLE	ALBIN MICHEL	HACHETTE	6051874	9782226078179	
BD000149	COURTS METRAGES	9.99	10.52	MANARA	ÉROTIQUE		ALBIN MICHEL	HACHETTE	6017917	9782226032904	Plusieurs histoires (courts métrages) chaudes et délirantes de la même veine que l'album HP et Giuseppe Bergman.
BD000150	CANDIDE CAMERA	8.54	8.99	MANARA	ÉROTIQUE		ALBIN MICHEL	HACHETTE	6051239	9782226039736	Miel travaille pour une société de production télévisuelle qui veut monter une émission genre micro-trottoir coquin. Devant le fiasco de ce micro trottoir, Miel décide de passer devant la caméra. S'ensuivront alors une série de situations torrides ou Miel nous apparaîtra dans son plus simple apparat.
BD000151	LES FEMMES DE MANARA	28.68	30.18	MANARA	ÉROTIQUE		ALBIN MICHEL	HACHETTE	6051908	9782226079992	Les filles de MANARA ne sont pareilles que dans la perfection. Elles semblent si lisses à première vue que l'oeil qui glisse les confond. Il faut prendre le temps de les détailler. S'y attarder. C'est dans l'étirement d'un regard. Dans la fossette d'une croupe. Dans le tombé d'une crinière ou le déboîtement d'une hanche. Un détail les distingue, toujours, comme une broutille les habille. Les filles de MANARA ne sont pas des perles de culture. Ce sont des perles sauvages. Toutes somptueuses, voluptueuses, toutes différentes. Regardez-les. Prenez le temps de les détailler, de les déchiffrer. Chacune a son histoire.
BD000152	RENDEZ VOUS FATAL	9.99	10.52	MANARA	ÉROTIQUE		ALBIN MICHEL	HACHETTE	6052039	9782226088499	Valéria est mariée à un jeune homme naïf, qui essaie de percer dans le monde politique. Mais son jeune politicien de mari doit de l'argent, beaucoup d'argent à des personnes pas très fréquentables. C'est ainsi qu'elle va se retrouver nez-à-nez avec une bande de mafieux. Alors commenceront les remboursements en nature. Ou qu'elle aille, Ursus sera toujours là pour la détrousser un peu plus...
BD000153	KAMA SUTRA	14.19	14.94	MANARA	ÉROTIQUE		ALBIN MICHEL	HACHETTE	6052187		Cette récente production de Manara met en scène Parva et. Lulu, deux jeunes filles pas farouches. C'est par hasard que Parva met la main sur une ceinture magique qui va libérer l'esprit de Shiva, créature mythique qui s'incamera en jeune éphèbe à la pleine lune d'août à condition que Lulu triomphe de nombreuses épreuves dans lesquelles elle devra user de tous ses talents. Si elle triomphe, elles seront alors libérées et Parva pourra rejoindre Shiva. Une fois de plus MANARA nous transporte dans un univers très sensuel grâce à son trait toujours aussi suggestif . De plus cet album couleur est l'occasion pour l'artiste de s'essayer aux nouvelles technologies par l'emploi d'incrustations et de montages d'images numériques et de dessins. Miel travaille pour une société de production télévisuelle qui veut monter une émission genre micro trottoir coquin. Devant le fiasco de ce micro trottoir, Miel décide de passer devant la caméra. S'ensuivront alors une série de situations torrides ou Miel nous apparditra dans son
BD000154	LE PIEGE	11.44	12.04	MANARA	ÉROTIQUE		ALBIN MICHEL	HACHETTE	6052435	9782226106308	Deux jeunes nymphettes chauffent le Web en s'exhibant devant une web caméra. Mais quand une invité surprise débarque et se met à jouer avec la caméra, qui sait ce qu'il peut arriver lorsque son ex la voit ainsi sur le web. Une histoire coquine, prétexte à des scènes très dénudées sous le trait sensuel de MANARA.
BD000155	LA BETE	12.04	12.04	MANARA	ÉROTIQUE		LA MUSARDINE	MUSARDINE	F741		Parue en 1976 sous le titre Le Singe, cette œuvre de jeunesse adapte très librement une légende chinoise du XVème siècle. A cette base, MANARA et son scénariste, Silviero PISU, ajoutent leurs propres ingrédients politiques, philosophiques et bien sûr érotiques. Une histoire étrange sur la quête du pouvoir, un pays imaginaire en orient, un singe ambitieux : LA BETE. Une fois de plus MANARA nous étonne.
BD000156	LES LOIS IMMORALES 1 ERE PARTIE - T19	6.08	6.4	HAGIWARA	MANGA	BASTARD	GLÉNAT	HACHETTE	7364540		Dark Schneider est le plus puissant sorcier des Forces du Mal, mais un sortilège l'a transformé en un inoffensif gamin. Seul le baiser d'une jeune fille peut lui rendre ses pouvoirs et l'obliger à défendre le royaume de Metalicana. Inspiré par les jeux de rôles, Bastard, c'est toute la richesse de l'heroïc fantasy japonaise pleine d'humour et de dérision. Projeté dans les enfers, Dark Schneider est confronté à Satan lui-même. Mais ses pouvoirs ne sont rien comparés à ceux des démons. Pourtant, ces derniers ont besoin de lui. Pourquoi ? Serait-il un élément clef qui permettrait au Prince des Ténèbres de renverser Dieu et de régner sur l'univers ?
BD000157	LE DECLIC - T2	11.44	12.04	MANARA	ÉROTIQUE	LE DECLIC	ALBIN MICHEL	HACHETTE	6051387	9782226055637	
BD000158	LE DECLIC - T3	11.44	12.04	MANARA	ÉROTIQUE	LE DECLIC	ALBIN MICHEL	HACHETTE	6051700	9782226075017	
BD000159	LE DECLIC INTEGRALE	24.48	25.76	MANARA	ÉROTIQUE	LE DECLIC	ALBIN MICHEL	HACHETTE	6052047	9782226088628	Claudia Christiani est une jeune femme de bonne famille mariée à un homme âgé mais riche. C'est le médecin de famille, le docteur Fez, qui va déchaîner les pulsions de Claudia grâce à une mystérieuse télécommande dérobée au professeur Kranz. La jeune femme est alors intenable et s'offre à tous les hommes qu'elle croise, sur une simple commande du docteur Fez. Jusqu'au jour ou l'on découvre que la télécommande n'est en fait qu'une boîte vide ! Ce sont donc 3 albums qui sont réunis dans cette intégrale dans lequelle on pourra apprécier la belle Claudia. Cette BD a eu un tel succès qu'elle fut adaptée au cinéma en 1985.
BD000160	LA NUIT BARBARE	8.26	8.69	MARCELLO / OLLIVIER			ALBIN MICHEL	HACHETTE	6051080	9782226032898	
BD000161	Y A PLUS DE JEUNESSE	8.26	8.69	MARGERIN	HUMOUR		ALBIN MICHEL	HACHETTE	6051148	9782226035752	
BD000162	SQUEAK THE MOUSE - T2	9.41	9.91	MATTIOLI	HUMOUR	SQUEAK THE MOUSE	ALBIN MICHEL	HACHETTE	6051494	9782226059239	
BD000163	POUR VANITY	26.07	27.44	MATTOTTI			ALBIN MICHEL	HACHETTE	6015630	9782226029775	
BD000164	ZOMBIES LE MAITRE DES VERS	11.44	12.04	MIGNOLA / MC EOWN		ZOMBIES	ALBIN MICHEL	HACHETTE	6052443	9782226106315	
BD000165	MONSTRES SACRES	14.19	14.94	MORCHOISNE		MONSTRES SACRES	ALBIN MICHEL	HACHETTE	6037667	9782226088468	
BD000166	LE CHIEN DES BASKETVILLE	8.26	8.69	PETILLON	HUMOUR		ALBIN MICHEL	HACHETTE	6005136	9782226020734	
BD000167	LA FIN DU MONDE EST POUR CE SOIR	8.54	8.99	PETILLON	HUMOUR		ALBIN MICHEL	HACHETTE	6005730	9782226025630	
BD000168	L'ANNEE DU TAG	8.54	8.99	PETILLON	HUMOUR		ALBIN MICHEL	HACHETTE	6051361	9782226053817	
BD000169	BIENVENUE AUX TERRIENS	7.53	7.93	PETILLON	HUMOUR		ALBIN MICHEL	HACHETTE	6026314	9782226061119	
BD000170	LA CONJONCTURE EST GENERALE	8.54	8.99	PETILLON	HUMOUR		ALBIN MICHEL	HACHETTE	6026579	9782226060068	
BD000171	EN PLEIN DANS LE POTAGE	12.89	13.57	PETILLON	HUMOUR		ALBIN MICHEL	HACHETTE	6051775	9782226076885	
BD000172	C'EST L'EPOQUE QUI VEUT CA	11.44	12.04	PETILLON	HUMOUR		ALBIN MICHEL	HACHETTE	6052385	9782226105035	
BD000173	UNE SACREE SALADE - T1	7.53	7.93	PETILLON	HUMOUR	JACK PALMER	ALBIN MICHEL	HACHETTE	6003479	9782226017253	
BD000174	MISTER PALMER ET DOCTEUR SUPERMARKETSTEIN - T2	8.26	8.69	PETILLON	HUMOUR	JACK PALMER	ALBIN MICHEL	HACHETTE	6002257	9782226017277	
BD000175	LA DENT CREUSE - T3	8.26	8.69	PETILLON	HUMOUR	JACK PALMER	ALBIN MICHEL	HACHETTE	6003610	9782226017260	
BD000176	LES DISPARUS D'APOSTROPHES - T4	7.53	7.93	PETILLON	HUMOUR	JACK PALMER	ALBIN MICHEL	HACHETTE	6026322	9782226061126	
BD000177	LE CHANTEUR DE MEXICO - T5	7.53	7.93	PETILLON	HUMOUR	JACK PALMER	ALBIN MICHEL	HACHETTE	6026330	9782226061133	
BD000178	LE PRINCE DE LA BD - T6	7.53	7.93	PETILLON	HUMOUR	JACK PALMER	ALBIN MICHEL	HACHETTE	6026355	9782226061157	
BD000179	LE PEKINOIS - T7	7.53	7.93	PETILLON	HUMOUR	JACK PALMER	ALBIN MICHEL	HACHETTE	6026348	9782226061140	
BD000180	UN DETECTIVE DANS LE YUCCA - T8	9.99	10.52	PETILLON	HUMOUR	JACK PALMER	ALBIN MICHEL	HACHETTE	6051130	9782226035639	
BD000181	NARCO DOLLARS - T9	9.99	10.52	PETILLON	HUMOUR	JACK PALMER	ALBIN MICHEL	HACHETTE	6051254	9782226039774	
BD000182	UN PRIVE DANS LA NUIT - T10	9.99	10.52	PETILLON	HUMOUR	JACK PALMER	ALBIN MICHEL	HACHETTE	6051577	9782226063670	
BD000183	LE TOP MODEL - T11	10.86	11.43	PETILLON	HUMOUR	JACK PALMER	ALBIN MICHEL	HACHETTE	6051858	9782226076854	
BD000184	LE MEILLEUR ET LE PIRE DE JACK PALMER	9.99	10.52	PETILLON	HUMOUR	JACK PALMER	ALBIN MICHEL	HACHETTE	6054936	9782226109132	
BD000185	CATHARZIE - T1	11.44	12.04	YOANN / FERLUT	SCIENCE FICTION	ETHER GLISTER	DELCOURT	FLAMMARION			Suite à l'arrivée de colonies terriennes, la charmante planète Ether est devenue le lieu de nombreux conflits. Après d'apocalyptiques guerres, il ne reste plus qu'une atmosphère viciée et quelques survivants partagés en deux camps. Mais voilà qu'un professeur a mis au point un gaz curatif qui pourrait sauver la planète. C'est sa femme, Ether Glister, qui se rend sur place avec le fameux produit. A la veille de la grande réunification, chacun tente de retirer une épingle dans le jeu du nouvel échiquier qui se dessine, alors que les rues et places de la planète Ether se couvrent de gens qui aspirent à une vie nouvelle. Dans un tel contexte, le voyage d'Ether Glister est semé d'embûches et d'interrogations. Qu'est-il arrivé à son mari, le professeur, et qu'a-t-il mis au point exactement ? Quel avenir se dessine pour la planète Ether ? Autant demander qui est réellement Ether Glister. Ou ce qu'elle a été ?
BD000186	QUATERBACK - T1	11.44	12.04	KERFRIDEN / CHAUVEL	THRILLER	WADE MANTLE	DELCOURT	FLAMMARION			Manhattan, aux alentours de midi. Wade Mantle, célèbre joueur de football de l'équipe de Beavers, qui se rend à un rendez-vous avec le journaliste sportif Stephen Herek, est assassiné dans un parking souterrain. Peter Wadko, agent du FBI, est chargé de l'enquête. La télévision a tôt fait de relayer la nouvelle de la mort de Mantle. Deux personnes écoutant ces informations sont prises de panique : Red Greenberg, un des équipiers de Mantle, et Ralph Aparicio, le coach des Beavers. Red prend la fuite. Tout au long des 5 tomes que compte la série, le personnage central est l'agent du FBI, Peter Wadko. D'une banale enquête de meurtre, ce dernier passe à une affaire de grande envergure. Trois toiles de fond tissent cette série : tout d'abord une compétition intense entre le FBI et la CIA autour du meurtre, ensuite une intrigue de fond autour du mystère Vaughan (mafia russe, manipulations génétiques) et enfin, en toile de fond, viendront s'inscrire les vies de quatre joueurs de football américain.
BD000187	CAROLINE CHOLERA	7.53	7.93	PICHARD / DUBOS	ÉROTIQUE	CAROLINE CHOLERA	ALBIN MICHEL	HACHETTE	6001515	9782226014559	
BD000188	VENIN DE FEMMES	11.44	12.04	PRADO	ÉROTIQUE		ALBIN MICHEL	HACHETTE	6051742	9782226075635	
BD000189	LES COPINES	11.44	12.04	REISER	HUMOUR		ALBIN MICHEL	HACHETTE	6002133	9782226013415	
BD000190	ILS SONT MOCHES	9.99	10.52	REISER	HUMOUR		ALBIN MICHEL	HACHETTE	6002141	9782226013675	
BD000191	MON PAPA	9.99	10.52	REISER	HUMOUR		ALBIN MICHEL	HACHETTE	6002158	9782226013682	
BD000192	ON VIT UNE EPOQUE FORMIDABLE	9.99	10.52	REISER	HUMOUR		ALBIN MICHEL	HACHETTE	6002166	9782226013712	
BD000193	LA VIE DES BETES	11.44	12.04	REISER	HUMOUR		ALBIN MICHEL	HACHETTE	6002190	9782226013705	
BD000194	LA VIE AU GRAND AIR - T1	9.99	10.52	REISER	HUMOUR	LA VIE AU GRAND AIR	ALBIN MICHEL	HACHETTE	6002182	9782226013699	
BD000195	LA VIE AU GRAND AIR - T2	9.99	10.52	REISER	HUMOUR	LA VIE AU GRAND AIR	ALBIN MICHEL	HACHETTE	6036834	9782226087683	
BD000196	LA VIE AU GRAND AIR - T3	9.99	10.52	REISER	HUMOUR	LA VIE AU GRAND AIR	ALBIN MICHEL	HACHETTE	6037956	9782226092960	
BD000197	VIVE LES FEMMES	9.99	10.52	REISER	HUMOUR		ALBIN MICHEL	HACHETTE	6002208	9782226013729	
BD000198	VIVE LES VACANCES	9.99	10.52	REISER	HUMOUR		ALBIN MICHEL	HACHETTE	6002216	9782226013736	
BD000199	GROS DEGUEULASSE	9.99	10.52	REISER	HUMOUR		ALBIN MICHEL	HACHETTE	6003123	9782226015266	
BD000200	FOUS D'AMOUR	11.44	12.04	REISER	HUMOUR		ALBIN MICHEL	HACHETTE	6004022	9782226012661	
BD000201	JEANINE	9.99	10.52	REISER	HUMOUR		ALBIN MICHEL	HACHETTE	6017081	9782226029782	
BD000202	LA FAMILLE OBOULOT EN VACANCES	9.99	10.52	REISER	HUMOUR		ALBIN MICHEL	HACHETTE	6051155	9782226035769	
BD000203	LES OREILLES ROUGES	8.54	8.99	REISER	HUMOUR		ALBIN MICHEL	HACHETTE	6051437	9782226056801	
BD000204	TAM TAM	12.89	13.57	REISER	HUMOUR		ALBIN MICHEL	HACHETTE	6027940	9782226063823	
BD000205	DESSINS COCHONS	18.83	19.82	REISER	HUMOUR		ALBIN MICHEL	HACHETTE	6052310	9782226099945	
BD000206	ON EST PASSE A COTE DU BONHEUR (1974)	12.89	13.57	REISER	HUMOUR	LES ANNEES REISER	ALBIN MICHEL	HACHETTE	6031686	9782226075895	
BD000207	SONT PAS PLUS FORTS QUE NOUS (1975)	14.19	14.94	REISER	HUMOUR	LES ANNEES REISER	ALBIN MICHEL	HACHETTE	6032809	9782226077745	
BD000208	A BAS TOUT (1976)	14.19	14.94	REISER	HUMOUR	LES ANNEES REISER	ALBIN MICHEL	HACHETTE	6034532	9782226079985	
BD000209	VOTEZ PRINTEMPS (1977)	14.19	14.94	REISER	HUMOUR	LES ANNEES REISER	ALBIN MICHEL	HACHETTE	6035521	9782226085054	
BD000210	C'EST BEAU UNE FEMME (1978)	14.19	14.94	REISER	HUMOUR	LES ANNEES REISER	ALBIN MICHEL	HACHETTE	6037196	9782226085184	
BD000211	PLAGE PRIVEE (1979)	14.19	14.94	REISER	HUMOUR	LES ANNEES REISER	ALBIN MICHEL	HACHETTE	6040067	9782226094148	
BD000212	LA RUEE VERS RIEN (1980)	14.19	14.94	REISER	HUMOUR	LES ANNEES REISER	ALBIN MICHEL	HACHETTE	6043905	9782226105509	
BD000213	Y EN AURA POUR TOUT LE MONDE	11.44	12.04	REISER / COLUCHE	HUMOUR		ALBIN MICHEL	HACHETTE	6022693	9782226051547	
BD000214	SADO MASO CHIC	26.07	27.44	REMY	ÉROTIQUE		ALBIN MICHEL	HACHETTE	6034540	9782226080004	
BD000215	VIDEO NOIRE	12.89	13.57	RISSO / TRILLO			ALBIN MICHEL	HACHETTE	6052518	9782226106865	
BD000216	MANUEL DE SURVIE A L'USAGE DES BRICOLEURS	8.54	8.99	RODRIGUE / BRUNEL	HUMOUR	GUIDES EN BD	ALBIN MICHEL	HACHETTE	6052401	9782226105059	
BD000217	LE MANUEL DU PARFAIT JARDINIER	8.54	8.99	RODRIGUE / BRUNEL	HUMOUR	GUIDES EN BD	ALBIN MICHEL	HACHETTE	6052575	9782226107473	
BD000218	LE MANUEL DU PARFAIT CAMPEUR	8.54	8.99	RODRIGUE / BRUNEL	HUMOUR	GUIDES EN BD	ALBIN MICHEL	HACHETTE	6054928	9782226107503	
BD000219	LES CARNETS SECRETS DE JANICE	12.96	12.96	VON GOTHA / JOUBERT	ÉROTIQUE	JANICE	LA MUSARDINE	HACHETTE	5775176		Pour ce recueil, VON GOTHA a réalisé une cinquantaine de peintures et illustrations inspirées de ses Malheurs de Janice. En grand format, il a pu donner libre cours à son talent et à sa formation d'artistes classique. Jamais Janice n'avait été si belle et si convoîtée par les hommes, et Bernard JOUBERT a donné à cet album sa touche finale, avec des textes dans la lignée du marquis de Sade. - Album relié - 24x32 - 56 pages couleurs
BD000220	PAS DE PITIE POUR LE PRIVE	6.08	6.4	ROTUNDO / MIGNACCO	AVENTURE		ALBIN MICHEL	HACHETTE	113997	9782226022875	
BD000221	LA PEAU DE CHAGRIN	11.3	11.89	ROTUNDO / VOLINE	ÉROTIQUE		ALBIN MICHEL	HACHETTE	6052302	9782226095343	Surtout n'y touchez pas ! Elle donne vie à tous vos désirs en vous distillant la mort. Une transposition moderne et coquine du roman d'Honoré de Balzac.
BD000222	VIVEMENT CE SOIR QU'ON SE COUCHE	10.86	11.43	SCHLINGO	HUMOUR		ALBIN MICHEL	HACHETTE	6051288	9782226039743	
BD000223	PATRON UNE CUITE S'IL VOUS PLAIT	11.3	11.89	SCHLINGO	HUMOUR		ALBIN MICHEL	HACHETTE	6052252	9782226095848	
BD000224	AU NOM DU PERE - T1	12.31	12.96	SCHIMPP / LALIA		BELZAREK	ALBIN MICHEL	HACHETTE	605242	9782226107428	
BD000225	LE THEOREME DE BELL - T1	8.26	8.69	SCHULTEISS	FANTASTIQUE	LE THEOREME DE BELL	ALBIN MICHEL	HACHETTE	6050967	9782226022950	
BD000226	LE CONTACT - T2	8.26	8.69	SCHULTEISS	FANTASTIQUE	LE THEOREME DE BELL	ALBIN MICHEL	HACHETTE	6051056	9782226032850	
BD000227	LA SOLUTION - T3	8.26	8.69	SCHULTEISS	FANTASTIQUE	LE THEOREME DE BELL	ALBIN MICHEL	HACHETTE	6051197	9782226037367	
BD000228	LES FOURMIS - LA BD	8.54	8.99	SERRES / WERBER	FANTASTIQUE	LES FOURMIS	ALBIN MICHEL	HACHETTE	6051734	9782226075628	
BD000229	L'ILE DES AMAZONES ORCHID ISLAND	14.19	14.94	SIRE / DIONNET	AVENTURE		ALBIN MICHEL	HACHETTE	6052120	9782226094155	
BD000230	PUTAIN DE TELE	9.99	10.52	STAN / VINCE	HUMOUR		ALBIN MICHEL	HACHETTE	6051817	9782226078186	STAN et VINCE font exploser l'écran de vos stars préférées. Vous n'êtes pas près de changer de chaîne...
BD000231	LA GRANDE SOURIS NOIRE	7.53	7.93	TRAMBER	HUMOUR		ALBIN MICHEL	HACHETTE	6051098	9782226031570	
BD000232	PAS DE CADEAU A GROMAGO	9.99	10.52	TRAMBER	HUMOUR		ALBIN MICHEL	HACHETTE	6020614	9782226037374	
BD000233	RESTONS CALMES ET BUVONS FRAIS	9.99	10.52	TRAMBER	HUMOUR		ALBIN MICHEL	HACHETTE	6051585	9782226063762	
BD000234	LE SECRET DE PLEGASTEL	9.99	10.52	TRAMBER / JOUIN	THRILLER		ALBIN MICHEL	HACHETTE	6052104	9782226093493	
BD000235	BZH BRETAGNE ZONE HEUREUSE	14.19	14.94	TRAMBER / DAUTRIAT	HUMOUR		ALBIN MICHEL	HACHETTE	6052336	9782226100498	
BD000236	BANG BANG - T1	11.44	12.04	TRILLO / BERNET		BANG BANG	ALBIN MICHEL	HACHETTE	6052393	9782226105042	
BD000237	LA GRANDE ARNAQUE - T1	14.19	14.94	TRILLO / MANDRAFINA	AVENTURE	LA GRANDE ARNAQUE	ALBIN MICHEL	HACHETTE	6052278	9782226095947	
BD000238	L'IGUANE - T2	11.44	12.04	TRILLO / MANDRAFINA	AVENTURE	LA GRANDE ARNAQUE	ALBIN MICHEL	HACHETTE	6052492	9782226106834	
BD000239	L'ESPRIT DE FAMILLE - T1	11.44	12.04	TRILLO / MANDRAFINA	AVENTURE	VIEILLES CANAILLES	ALBIN MICHEL	HACHETTE	6055172	9782226108807	
BD000240	AU BONHEUR DES DRAMES	11.44	12.04	TRONCHET	HUMOUR	FAMILLE POISSART	ALBIN MICHEL	HACHETTE	6051684	9782226074577	
BD000241	LES ROIS DU RIRE	11.44	12.04	TRONCHET	HUMOUR	FAMILLE POISSART	ALBIN MICHEL	HACHETTE	6051981	9782226085160	
BD000242	CARRE NOIR SUR DAMES BLANCHES	8.26	8.69	VARENNE	ÉROTIQUE		ALBIN MICHEL	HACHETTE	6004717	9782226020208	
BD000243	EROTIC OPERA	8.26	8.69	VARENNE	ÉROTIQUE		ALBIN MICHEL	HACHETTE	6050983	9782226025739	
BD000244	AMOURS FOUS	9.99	10.52	VARENNE	ÉROTIQUE		ALBIN MICHEL	HACHETTE	6051312	9782226051561	Alex VARENNE vous emmène dans ses fantasmes...
BD000245	LE PLAN ASPIC - T1	9.99	10.52	GILLON		LES LEVIATHANS	ALBIN MICHEL	HACHETTE	6055305	9782226113740	
BD000246	LOLA	9.99	10.52	VARENNE	ÉROTIQUE	LOLA	ALBIN MICHEL	HACHETTE	6051619	9782226065605	Alex VARENNE vous emmène dans ses fantasmes...
BD000247	LA CORRECTION	18.83	19.82	VARENNE	ÉROTIQUE		ALBIN MICHEL	HACHETTE	207056	9782226092803	
BD000248	CARLOTTA	12.89	13.57	VARENNE	ÉROTIQUE		ALBIN MICHEL	HACHETTE	6052419	9782226105066	
BD000249	ERMA JAGUAR - T1	9.41	9.91	VARENNE	ÉROTIQUE	ERMA JAGUAR	ALBIN MICHEL	HACHETTE	6051106	9782226031594	Madone des autoroutes, nouvelle Diane chasseresse, personne n'est à l'abri de cette séductrice errante...
BD000250	LES NOCES D'ERMA - T2	9.41	9.91	VARENNE	ÉROTIQUE	ERMA JAGUAR	ALBIN MICHEL	HACHETTE	6051205	9782226037404	Celui qui épousera Erma n'est pas au bout de ses peines... Ni de ses surprises...
BD000251	LES CAPRICES D'ERMA - T3	9.99	10.52	VARENNE	ÉROTIQUE	ERMA JAGUAR	ALBIN MICHEL	HACHETTE	6051445	9782226056849	Quand Erma réinvente le code amoureux...
BD000252	ARDEUR - T1	9.41	9.91	VARENNE / DANIEL	AVENTURE	ARDEUR	ALBIN MICHEL	HACHETTE	6003313	9782226017499	Alex VARENNE vous emmène dans ses fantasmes...
BD000253	WARSCHAU - T2	9.41	9.91	VARENNE / DANIEL	AVENTURE	ARDEUR	ALBIN MICHEL	HACHETTE	101359	9782226011060	Alex VARENNE vous emmène dans ses fantasmes...
BD000254	LA GRANDE FUGUE - T3	9.41	9.91	VARENNE / DANIEL	AVENTURE	ARDEUR	ALBIN MICHEL	HACHETTE	101358	9782226013088	Alex VARENNE vous emmène dans ses fantasmes...
BD000255	BERLIN STRASSE - T4	7.1	7.93	VARENNE / DANIEL	AVENTURE	ARDEUR	ALBIN MICHEL	HACHETTE	106552	9782226016515	Alex VARENNE vous emmène dans ses fantasmes...
BD000256	IDA MAUZ - T5	8.26	8.69	VARENNE / DANIEL	AVENTURE	ARDEUR	ALBIN MICHEL	HACHETTE	108769	9782226018724	Alex VARENNE vous emmène dans ses fantasmes...
BD000257	JACK LE VENGEUR - T6	8.26	8.69	VARENNE / DANIEL	AVENTURE	ARDEUR	ALBIN MICHEL	HACHETTE	116684	9782226027320	Alex VARENNE vous emmène dans ses fantasmes...
BD000258	L'AMOUR PROPRE	11.44	12.04	VEYRON	HUMOUR		ALBIN MICHEL	HACHETTE	6003818	9782226018090	
BD000259	EXECUTIVE WOMAN	11.44	12.04	VEYRON	HUMOUR		ALBIN MICHEL	HACHETTE	6050884	9782226025852	
BD000260	VITE	8.54	8.99	VEYRON	HUMOUR		ALBIN MICHEL	HACHETTE	6017214	9782226031662	
BD000261	DONC JEAN	9.99	10.52	VEYRON	HUMOUR		ALBIN MICHEL	HACHETTE	6051296	9782226048783	
BD000262	JIVARA	10.86	11.43	VEYRON	HUMOUR		ALBIN MICHEL	HACHETTE	6051486	9782226059147	
BD000263	CRU BOURGEOIS	11.44	12.04	VEYRON	HUMOUR		ALBIN MICHEL	HACHETTE	6052450	9782226105547	
BD000264	BERNARD LERMITE - T1	8.26	8.69	VEYRON	HUMOUR	BERNARD LERMITE	ALBIN MICHEL	HACHETTE	6002265	9782226014719	
BD000265	PLUS LOURD QUE L'AIR - T2	8.26	8.69	VEYRON	HUMOUR	BERNARD LERMITE	ALBIN MICHEL	HACHETTE	6013221	9782226014726	
BD000266	PERSONNELLEMENT JE VEUX PAS D'ENFANTS - T3	8.54	8.99	VEYRON	HUMOUR	BERNARD LERMITE	ALBIN MICHEL	HACHETTE	6002273	9782226014740	
BD000267	L'ETERNEL FEMININ DURE - T4	8.54	8.99	VEYRON	HUMOUR	BERNARD LERMITE	ALBIN MICHEL	HACHETTE	6013213	9782226014733	
BD000268	CE N'EST PLUS LE PEUPLE QUI GRONDE MAIS LE PUBLIC QUI REAGIT - T5	8.54	8.99	VEYRON	HUMOUR	BERNARD LERMITE	ALBIN MICHEL	HACHETTE	6018709	9782226032959	
BD000269	PEUT ON FUMER APRES LA MORT - T6	8.54	8.99	VEYRON	HUMOUR	BERNARD LERMITE	ALBIN MICHEL	HACHETTE	6051114	9782226032942	
BD000270	LE PAGURE EST CONNU - TOME 7	9.99	10.52	VEYRON	HUMOUR	BERNARD LERMITE	ALBIN MICHEL	HACHETTE	6051551	9782226061829	
BD000271	EDMOND LE COCHON VA EN AFRIQUE	6.52	6.86	VEYRON / ROCHETTE	HUMOUR	EDMOND LE COCHON	ALBIN MICHEL	HACHETTE	6002604	9782226014757	
BD000272	BREVES SUCREES SALEES DE SALON DE THE	11.44	12.04	WOLINSKI / DE TURQUEIM	HUMOUR		ALBIN MICHEL	HACHETTE	6056477	9782226109439	
BD000273	LES AVENTURES D'ALICE AU PAYS DU MERVEILLEUX AILLEURS	23.89	25.15	CAROLL / ROMANO		ALICE	AU BORD DES CONTINENTS	HACHETTE	5345129	9782911684173	
BD000274	LE MYSTERE CONTINENTAL	8.54	8.99	VEYRON / ROCHETTE	HUMOUR	EDMOND LE COCHON	ALBIN MICHEL	HACHETTE	6051569	9782226061898	
BD000275	PEAU DE CHAGRIN	11.3	11.89	VOLINE / ROTUNDO	HUMOUR		ALBIN MICHEL	HACHETTE	225938	9782226095349	
BD000276	TRAGIQUES DESTINS	8.54	8.99	VUILLEMIN	HUMOUR		ALBIN MICHEL	HACHETTE	6005839	9782226022820	
BD000277	LE MEILLEUR DE MOI MEME	13.76	14.48	VUILLEMIN	HUMOUR		ALBIN MICHEL	HACHETTE	6018444	9782226032928	
BD000278	PLAISIR D'OFFRIR	9.99	10.52	VUILLEMIN	HUMOUR		ALBIN MICHEL	HACHETTE	6051262	9782226039804	
BD000279	LE MONDE MERVEILLEUX DE VUILLEMIN	11.44	12.04	VUILLEMIN	HUMOUR		ALBIN MICHEL	HACHETTE	6051841	9782226078308	
BD000280	TOUT EST DANS LE SOURIRE	9.99	10.52	VUILLEMIN	HUMOUR		ALBIN MICHEL	HACHETTE	6052096	9782226093707	
BD000281	LES CHEFS D'OEUVRE DE VUILLEMIN	18.68	19.67	VUILLEMIN	HUMOUR		ALBIN MICHEL	HACHETTE	6052229	9782226095350	
BD000282	LES SALES BLAGUES DE L'ECHO - T1	8.54	8.99	VUILLEMIN	HUMOUR	LES SALES BLAGUES DE L'ECHO	ALBIN MICHEL	HACHETTE	6050991	9782226027368	
BD000283	LES SALES BLAGUES DE L'ECHO - T2	8.54	8.99	VUILLEMIN	HUMOUR	LES SALES BLAGUES DE L'ECHO	ALBIN MICHEL	HACHETTE	6051189	9782226037282	
BD000284	LES SALES BLAGUES DE L'ECHO - T3	8.54	8.99	VUILLEMIN	HUMOUR	LES SALES BLAGUES DE L'ECHO	ALBIN MICHEL	HACHETTE	6051320	9782226051578	
BD000285	LES SALES BLAGUES DE L'ECHO - T4	8.54	8.99	VUILLEMIN	HUMOUR	LES SALES BLAGUES DE L'ECHO	ALBIN MICHEL	HACHETTE	6051536	9782226061775	
BD000286	LES SALES BLAGUES DE L'ECHO - T5	8.54	8.99	VUILLEMIN	HUMOUR	LES SALES BLAGUES DE L'ECHO	ALBIN MICHEL	HACHETTE	6051783	9782226077417	
BD000287	LES SALES BLAGUES DE L'ECHO - T6	8.54	8.99	VUILLEMIN	HUMOUR	LES SALES BLAGUES DE L'ECHO	ALBIN MICHEL	HACHETTE	6052005	9782226088475	
BD000288	LES SALES BLAGUES DE L'ECHO - T7	8.54	8.99	VUILLEMIN	HUMOUR	LES SALES BLAGUES DE L'ECHO	ALBIN MICHEL	HACHETTE	6052351	9782226104441	
BD000289	RAOUL TEIGNEUX CONTRE LES DRUZES	8.54	8.99	VUILLEMIN / BERROYER	HUMOUR	RAOUL TEIGNEUX	ALBIN MICHEL	HACHETTE	6018220	9782226031617	
BD000290	EXIT - T1	8.54	8.99	WERBER	HUMOUR	EXIT	ALBIN MICHEL	HACHETTE	6052567	9782226104519	
BD000291	TOUT VA BIEN 200 DESSINS SUPER POSITIFS	14.19	14.94	WILLEM	HUMOUR	TOUT VA BIEN	ALBIN MICHEL	HACHETTE	6038079	9782226089014	
BD000292	LA BAGUE AU DOIGT	9.41	9.91	WOLINSKI	HUMOUR		ALBIN MICHEL	HACHETTE	6001671	9782226014344	
BD000293	LES SOCIALOS	12.89	13.57	WOLINSKI	HUMOUR		ALBIN MICHEL	HACHETTE	6023535	9782226053275	
BD000294	VOUS EN ETES ENCORE LA VOUS	11.44	12.04	WOLINSKI	HUMOUR		ALBIN MICHEL	HACHETTE	6051510	9782226060006	
BD000295	LE BAL DES RINGARDS	13.76	14.48	WOLINSKI	HUMOUR		ALBIN MICHEL	HACHETTE	6051601	9782226063755	
BD000296	DIS MOI QUE TU M'AIMES	11.44	12.04	WOLINSKI	HUMOUR		ALBIN MICHEL	HACHETTE			
BD000297	SCOOPETTE LA NYMPHO DE L'INFO	9.99	10.52	WOLINSKI	HUMOUR	SCOOPETTE	ALBIN MICHEL	HACHETTE	6052708	9782226069108	
BD000298	ENFIN DES VRAIS HOMMES	9.99	10.52	WOLINSKI	HUMOUR		ALBIN MICHEL	HACHETTE	6051726	9782226075611	
BD000299	NOUS SOMMES EN TRAIN DE NOUS EN SORTIR	11.44	12.04	WOLINSKI	HUMOUR		ALBIN MICHEL	HACHETTE	6051791	9782226077424	
BD000300	IL N'Y A PLUS DE VALEURS	9.99	10.52	WOLINSKI	HUMOUR		ALBIN MICHEL	HACHETTE	6051882	9782226079480	
BD000301	SACRE MITTERAND	12.89	13.57	WOLINSKI	HUMOUR		ALBIN MICHEL	HACHETTE	6035950	9782226085962	
BD000302	CAUSE TOUJOURS	12.89	13.57	WOLINSKI	HUMOUR		ALBIN MICHEL	HACHETTE	6052070	9782226085047	
BD000303	FAIS MOI PLAISIR	9.99	10.52	WOLINSKI	HUMOUR		ALBIN MICHEL	HACHETTE	6052153	9782226094667	
BD000304	MONSIEUR PAUL A CUBA	9.99	10.52	WOLINSKI	HUMOUR	MONSIEUR PAUL	ALBIN MICHEL	HACHETTE	6052286	9782226099532	
BD000305	TROP BEAU POUR ETRE VRAI	9.99	10.52	WOLINSKI	HUMOUR		ALBIN MICHEL	HACHETTE	6052344	9782226106285	
BD000306	SALES GOSSES	11.44	12.04	WOLINSKI	HUMOUR		ALBIN MICHEL	HACHETTE	6052583	9782226107435	
BD000307	TOUT PAULETTE	28.24	29.73	WOLINSKI / PICHARD	HUMOUR	PAULETTE	ALBIN MICHEL	HACHETTE	6052468	9782226105561	
BD000308	NICOTINE GOUDRON - T1	9.99	10.52	YANN / BODART	HUMOUR	NICOTINE	ALBIN MICHEL	HACHETTE	127583	9782226039835	
BD000309	L'INCURABLE NICOTINE - T2	8.54	8.99	YANN / BODART	HUMOUR	NICOTINE	ALBIN MICHEL	HACHETTE	131886	9782226056764	
BD000310	GIRLS GIRLS GIRLS - Rupture Editeur			WETZ	ÉROTIQUE	SELEN	VENTS D'OUEST	HACHETTE			Les pin-up, ces filles de papier n'ont d'autre destinée que de satisfaire le plaisir de nos yeux. Celles de cet album sont exhibitionnistes, et provocantes, et WETZ nous les offre ensorcelantes...
BD000311	OGENKI CLINIC - T2	9.99	10.52	HARUKA	MANGA ÉROTIQUE	OGENKI CLINIC	ALBIN MICHEL	HACHETTE	6051957	9782226088635	
BD000312	LE GRIMOIRE MAUDIT - T1	14.19	14.94	LALIA	FANTASTIQUE	LOVECRAFT	ALBIN MICHEL	HACHETTE	6052484	9782226105523	
BD000313	A LA POURSUITE DU PRINCE CHARMANT - T1	8.54	8.99	BUCHE / PERISSIN		HELENE CARTIER	ALPEN PUBLISHERS	HACHETTE	4345005	9782731607819	Hélène Cartier a deux maris. Le premier, aviateur, a disparu aux Indes. Le second, jaloux, part à la recherche du premier. Hélène suit ses deux époux au bout du monde, d'aventures excentriques en périéties extravagantes.
BD000314	LA RIVIERE DU GRAND RETOUR - T2	8.54	8.99	BUCHE / PERISSIN		HELENE CARTIER	ALPEN PUBLISHERS	HACHETTE	4345013	9782731610574	Hélène Cartier a deux maris. Le premier, aviateur, a disparu aux Indes. Le second, jaloux, part à la recherche du premier. Hélène suit ses deux époux au bout du monde, d'aventures excentriques en périéties extravagantes.
BD000315	MILLE MIGLIA - T1	8.54	8.99	CONSTANT / LAPIERE		MAURO CALDI	ALPEN PUBLISHERS	HACHETTE	4345021	9782883020306	Lorsqu'il ne résout pas des énigmes policières, Mauro Caldi pilote des Ferrari délicieusement rétros sur les routes italiennes. Humour, simplicité, action : un mélange digne des grandes séries des années 50.
BD000316	CINE CITTA - T2	8.54	8.99	CONSTANT / LAPIERE		MAURO CALDI	ALPEN PUBLISHERS	HACHETTE	4345039	9782883020313	Lorsqu'il ne résout pas des énigmes policières, Mauro Caldi pilote des Ferrari délicieusement rétros sur les routes italiennes. Humour, simplicité, action : un mélange digne des grandes séries des années 50.
BD000317	LA VOLEUSE - T3	8.54	8.99	CONSTANT / LAPIERE		MAURO CALDI	ALPEN PUBLISHERS	HACHETTE	4345047	9782883020320	Lorsqu'il ne résout pas des énigmes policières, Mauro Caldi pilote des Ferrari délicieusement rétros sur les routes italiennes. Humour, simplicité, action : un mélange digne des grandes séries des années 50.
BD000318	LA BAIE DES MENTEURS - T4	8.54	8.99	CONSTANT / LAPIERE		MAURO CALDI	ALPEN PUBLISHERS	HACHETTE	4345054	9782731609097	Lorsqu'il ne résout pas des énigmes policières, Mauro Caldi pilote des Ferrari délicieusement rétros sur les routes italiennes. Humour, simplicité, action : un mélange digne des grandes séries des années 50.
BD000319	LA GUERRE DES FAMILLES - T5	8.54	8.99	CONSTANT / LAPIERE		MAURO CALDI	ALPEN PUBLISHERS	HACHETTE	4345062	9782731610154	Lorsqu'il ne résout pas des énigmes policières, Mauro Caldi pilote des Ferrari délicieusement rétros sur les routes italiennes. Humour, simplicité, action : un mélange digne des grandes séries des années 50.
BD000320	LES VOLEURS DE FERRARI - T6	8.54	8.99	CONSTANT / LAPIERE		MAURO CALDI	ALPEN PUBLISHERS	HACHETTE	4345070	9782731610727	Lorsqu'il ne résout pas des énigmes policières, Mauro Caldi pilote des Ferrari délicieusement rétros sur les routes italiennes. Humour, simplicité, action : un mélange digne des grandes séries des années 50.
BD000321	ECHEC A BRAZERRO - T1	8.54	8.99	DERIB / JOB		PYTHAGORE	ALPEN PUBLISHERS	HACHETTE	4345088	9782883020023	Drôle d'oiseau, ce Pythagore, féru d'arithmétique et d'alcools forts. Ami fidèle, il assiste ses copains humains dans leurs périples à travers le monde. Par les auteurs de Yakari, la célèbre série pour enfants.
BD000322	OPERATION RHINO - T2	8.54	8.99	DERIB / JOB		PYTHAGORE	ALPEN PUBLISHERS	HACHETTE	4345096	9782883020139	Drôle d'oiseau, ce Pythagore, féru d'arithmétique et d'alcools forts. Ami fidèle, il assiste ses copains humains dans leurs périples à travers le monde. Par les auteurs de Yakari, la célèbre série pour enfants.
BD000323	LES GEANTS DE LA TOUNDRA - T3	8.54	8.99	DERIB / JOB		PYTHAGORE	ALPEN PUBLISHERS	HACHETTE	4345104	9782883020146	Drôle d'oiseau, ce Pythagore, féru d'arithmétique et d'alcools forts. Ami fidèle, il assiste ses copains humains dans leurs périples à travers le monde. Par les auteurs de Yakari, la célèbre série pour enfants.
BD000324	LA COLOMBE DE LA PLACE ROUGE - T1 - Arrêt de Commercialisation			MARINI / MARELLE / SMOLDEREN / POP		OLIVIER VARESE	ALPEN PUBLISHERS	HACHETTE	4345112	9782883020047	Olivier Varèse est un jeune journaliste de la vieille école, celle qui formait des aventuriers plutôt que des paparazzi. Une série nourrie à la BD d'action américaine et aux mangas japonais.
BD000325	BIENVENUE A KOKONINOWORLD - T2 - Arrêt de Commercialisation			MARINI / MARELLE / SMOLDEREN / POP		OLIVIER VARESE	ALPEN PUBLISHERS	HACHETTE	4345138	9782731608236	Olivier Varèse est un jeune journaliste de la vieille école, celle qui formait des aventuriers plutôt que des paparazzi. Une série nourrie à la BD d'action américaine et aux mangas japonais.
BD000326	RAID SUR KOKONINOWORLD - T3 - Arrêt de Commercialisation			MARINI / MARELLE / SMOLDEREN / POP		OLIVIER VARESE	ALPEN PUBLISHERS	HACHETTE	4345146	9782731610130	Olivier Varèse est un jeune journaliste de la vieille école, celle qui formait des aventuriers plutôt que des paparazzi. Une série nourrie à la BD d'action américaine et aux mangas japonais.
BD000327	LE PARFUM DU MAGNOLIA - T4 - Arrêt de Commercialisation			MARINI / MARELLE / SMOLDEREN / POP		OLIVIER VARESE	ALPEN PUBLISHERS	HACHETTE	4345120	9782731610796	Olivier Varèse est un jeune journaliste de la vieille école, celle qui formait des aventuriers plutôt que des paparazzi. Une série nourrie à la BD d'action américaine et aux mangas japonais.
BD000328	LE FANTOME DU MANDCHOU FOU - T1	8.54	8.99	SAVARD / FOREST		LEONID BEAUDRAGON	ALPEN PUBLISHERS	HACHETTE	4345153	9782883020238	Le dessinateur de Barbarella, Jean-Claude FOREST, a beaucoup écrit pour les autres. Ses scénarios sont une fête de malice, d'invention et d'intelligence. Parfaitement servis par le graphisme précis de SAVARD, ceux de Léonid Beaudragon, détective farfelu, ne dérogent pas à la règle.
BD000329	LA NUIT DES TOTEMS - T2 - Arrêt de commercialisation			SAVARD / FOREST		LEONID BEAUDRAGON	ALPEN PUBLISHERS	HACHETTE	4345161	9782883020054	Le dessinateur de Barbarella, Jean-Claude FOREST, a beaucoup écrit pour les autres. Ses scénarios sont une fête de malice, d'invention et d'intelligence. Parfaitement servis par le graphisme précis de SAVARD, ceux de Léonid Beaudragon, détective farfelu, ne dérogent pas à la règle.
BD000330	LE SCAPHANDRIER DU LUNDI - T3 - Arrêt de commercialisation			SAVARD / FOREST		LEONID BEAUDRAGON	ALPEN PUBLISHERS	HACHETTE	4345179	9782731609554	Le dessinateur de Barbarella, Jean-Claude FOREST, a beaucoup écrit pour les autres. Ses scénarios sont une fête de malice, d'invention et d'intelligence. Parfaitement servis par le graphisme précis de SAVARD, ceux de Léonid Beaudragon, détective farfelu, ne dérogent pas à la règle.
BD000331	TRAFIC EN INDOCHINE - T1	8.54	8.99	STANISLAS / RULLIER		VICTOR LEVALLOIS	ALPEN PUBLISHERS	HACHETTE	4345187	9782731608120	Victor Levallois n'a pas la tête de l'emploi. Avec ses airs de premier de la classe, il se retrouve pourtant plongé dans un tourbillon d'aventures périlleuses, dans l'Indochine française ou le trouble Paris de l'après-guerre.
BD000332	LA ROUTE DE CAO BANG - T2	8.54	8.99	STANISLAS / RULLIER		VICTOR LEVALLOIS	ALPEN PUBLISHERS	HACHETTE	4345195	9782731609462	Victor Levallois n'a pas la tête de l'emploi. Avec ses airs de premier de la classe, il se retrouve pourtant plongé dans un tourbillon d'aventures périlleuses, dans l'Indochine française ou le trouble Paris de l'après-guerre.
BD000333	LE MANCHOT DE LA BUTTE ROUGE - T3	8.54	8.99	STANISLAS / RULLIER		VICTOR LEVALLOIS	ALPEN PUBLISHERS	HACHETTE	4345203	9782731611274	Victor Levallois n'a pas la tête de l'emploi. Avec ses airs de premier de la classe, il se retrouve pourtant plongé dans un tourbillon d'aventures périlleuses, dans l'Indochine française ou le trouble Paris de l'après-guerre.
BD000334	LES CHIENS MEURENT EN HIVER - T1	8.98	9.45	SWOLFS		DURANGO	HUMANOIDES ASSOCIES	HACHETTE	4345310	9782731609714	Durango est un héros courageux et solitaire, impitoyable mais sentimental, véritable défenseur de la loi et du bien. Une série violente et mouvementée, dans la lignée des plus grands western spaghetti.
BD000335	LES FORCES DE LA COLERE - T2	8.98	9.45	SWOLFS		DURANGO	HUMANOIDES ASSOCIES	HACHETTE	4345328	9782731609721	Durango est un héros courageux et solitaire, impitoyable mais sentimental, véritable défenseur de la loi et du bien. Une série violente et mouvementée, dans la lignée des plus grands western spaghetti.
BD000336	PIEGE POUR UN TUEUR - T3	8.98	9.45	SWOLFS		DURANGO	HUMANOIDES ASSOCIES	HACHETTE	4345336	9782731609738	Durango est un héros courageux et solitaire, impitoyable mais sentimental, véritable défenseur de la loi et du bien. Une série violente et mouvementée, dans la lignée des plus grands western spaghetti.
BD000337	AMOS - T4	8.98	9.45	SWOLFS		DURANGO	HUMANOIDES ASSOCIES	HACHETTE	4345211	9782731609745	Durango est un héros courageux et solitaire, impitoyable mais sentimental, véritable défenseur de la loi et du bien. Une série violente et mouvementée, dans la lignée des plus grands western spaghetti.
BD000338	SIERRA SAUVAGE - T5	8.98	9.45	SWOLFS		DURANGO	HUMANOIDES ASSOCIES	HACHETTE	4345229	9782731609752	Durango est un héros courageux et solitaire, impitoyable mais sentimental, véritable défenseur de la loi et du bien. Une série violente et mouvementée, dans la lignée des plus grands western spaghetti.
BD000339	LE DESTIN D'UN DESPERADO - T6	8.98	9.45	SWOLFS		DURANGO	HUMANOIDES ASSOCIES	HACHETTE	4345237	9782731609769	Durango est un héros courageux et solitaire, impitoyable mais sentimental, véritable défenseur de la loi et du bien. Une série violente et mouvementée, dans la lignée des plus grands western spaghetti.
BD000340	LONEVILLE - T7	8.98	9.45	SWOLFS		DURANGO	HUMANOIDES ASSOCIES	HACHETTE	4345245	9782731607772	Durango est un héros courageux et solitaire, impitoyable mais sentimental, véritable défenseur de la loi et du bien. Une série violente et mouvementée, dans la lignée des plus grands western spaghetti.
BD000341	UNE RAISON POUR MOURIR - T8	8.98	9.45	SWOLFS		DURANGO	ALPEN PUBLISHERS	HACHETTE	4345252	9782731609783	Durango est un héros courageux et solitaire, impitoyable mais sentimental, véritable défenseur de la loi et du bien. Une série violente et mouvementée, dans la lignée des plus grands western spaghetti.
BD000342	L'OR DE DUNCAN - T9	8.98	9.45	SWOLFS		DURANGO	ALPEN PUBLISHERS	HACHETTE	4345260	9782731609790	Durango est un héros courageux et solitaire, impitoyable mais sentimental, véritable défenseur de la loi et du bien. Une série violente et mouvementée, dans la lignée des plus grands western spaghetti.
BD000343	LA PROIE DES CHACALS - T10	8.98	9.45	SWOLFS		DURANGO	ALPEN PUBLISHERS	HACHETTE	4345278	9782731609806	Durango est un héros courageux et solitaire, impitoyable mais sentimental, véritable défenseur de la loi et du bien. Une série violente et mouvementée, dans la lignée des plus grands western spaghetti.
BD000344	COLORADO - T11	8.98	9.45	SWOLFS		DURANGO	ALPEN PUBLISHERS	HACHETTE	4345286	9782731610505	Durango est un héros courageux et solitaire, impitoyable mais sentimental, véritable défenseur de la loi et du bien. Une série violente et mouvementée, dans la lignée des plus grands western spaghetti.
BD000345	L'HERITIERE - T12	8.98	9.45	SWOLFS		DURANGO	ALPEN PUBLISHERS	HACHETTE	4345294	9782731610970	Durango est un héros courageux et solitaire, impitoyable mais sentimental, véritable défenseur de la loi et du bien. Une série violente et mouvementée, dans la lignée des plus grands western spaghetti.
BD000346	SANS PITIE - T13	8.98	9.45	SWOLFS		DURANGO	ALPEN PUBLISHERS	HACHETTE	4348090	9782731612721	Durango est un héros courageux et solitaire, impitoyable mais sentimental, véritable défenseur de la loi et du bien. Une série violente et mouvementée, dans la lignée des plus grands western spaghetti.
BD000347	HELVETIKA - T1	9.99	10.52	KALONJI		HELVETIKA	PAQUET	HACHETTE	5349162	9782940199198	
BD000348	HORS SERIE 20 ANS DE GENIE	8.26	8.69	TURK / DE GROOT	HUMOUR	LÉONARD	DARGAUD	MDS	01621NE	9782884250061	
BD000349	FLAGRANT GENIE - T19	8.26	8.69	TURK / DE GROOT	HUMOUR	LÉONARD	DARGAUD	MDS	01640NE	9782884250009	
BD000350	CIEL MON GENIE - T20	8.26	8.69	TURK / DE GROOT	HUMOUR	LÉONARD	DARGAUD	MDS	01641NE	9782884250016	
BD000351	UN AIR DE GENIE - T21	8.26	8.69	TURK / DE GROOT	HUMOUR	LÉONARD	DARGAUD	MDS	01642NE	9782884250023	
BD000352	CADEAU DE GENIE - T22	8.26	8.69	TURK / DE GROOT	HUMOUR	LÉONARD	DARGAUD	MDS	01643NE	9782884250030	
BD000353	POIL AU GENIE - T23	8.26	8.69	TURK / DE GROOT	HUMOUR	LÉONARD	DARGAUD	MDS	01644NE	9782884250047	
BD000354	TEMPS DE GENIE - T24	8.26	8.69	TURK / DE GROOT	HUMOUR	LÉONARD	DARGAUD	MDS	01645NE	9782884250054	
BD000355	D'OU VIENS TU GENIE - T25	8.26	8.69	TURK / DE GROOT	HUMOUR	LÉONARD	DARGAUD	MDS	01646NE	9782884250078	
BD000356	GENIE OR NOT GENIE - T26	8.26	8.69	TURK / DE GROOT	HUMOUR	LÉONARD	DARGAUD	MDS	01647NE	9782884250092	
BD000357	ON A MARCHE SUR LE GENIE - T27	8.26	8.69	TURK / DE GROOT	HUMOUR	LÉONARD	DARGAUD	MDS	1648	9782884250115	
BD000358	GENIE TOUJOURS PRÊT - T28	8.26	8.69	TURK / DE GROOT	HUMOUR	LÉONARD	DARGAUD	MDS	1649	9782884250122	
BD000359	ON ACHEVE BIEN LES 2CV - T1	8.54	8.99	ACHDE	HUMOUR	LES DAMNÉS DE LA ROUTE	BAMBOO	HAVAS	276167	9782912715180	A son bord, la vie n'est pas une longue autoroute tranquille, et comme nous tous, la famille Lerbag en fait le constat tous les jours ! De parking en parcmètres, de garages en fourrières, de pannes en P.V, celle qui doit leur simplifier la route, leur pourrit l'existence.Du plaisir d'essence à l'enfer mécanique, bourres et déboires de nos héros de l'asphalte. P.S : le contrôle technique de cet album est O.K !
BD000360	LES CHARIOTS SAUVAGES	8.54	8.99	AMOURIQ / ANDRE	HUMOUR	LES ZYPERS	BAMBOO	HAVAS	276169	9782912715203	Les Zypers d'AMOURIQ, c'est comme les grandes surfaces, une fois qu'on est entré, on ne peut pas s'empêcher de consommer ! Sauf qu'ici, il n'y a qu'un rayon : l'humour. Un rayon toujours bien achalandé ou chaque gag a l'art de titiller nos petits défauts de grands consommateurs. Prêts à subir l'assaut des Chariots Sauvages ? Alors à vos caddies et faites le plein de bonne humeur.
BD000361	PETIT SPIROU INTEGRALE N° 1	12.89	13.57	TOME	HUMOUR	LE PETIT SPIROU	NIFFLE COHEN	HAVAS	276944	9782873930219	
BD000362	TANTE HENRIETTE OU L'ELOGE DE L'AVARICE - Rupture Editeur			DETHAN		TANTE HENRIETTE	DELCOURT	FLAMMARION			En 1976, lors de vacances dans le Périgord, une petite fille fait la connaissance de sa grand-tante. Issue de la très haute bourgeoisie, à l'abri du besoin toute sa vie, Tante Henriette a pourtant développé un trait de caractère très marqué que la petite fille découvre à travers son histoire personnelle et une série d'anecdotes étonnantes : elle a élevé l'avarice au rang d'un véritable art de vivre... Album 96 pages noir et blanc
BD000363	UN PEU DE FUMEE BLEUE	11.44	12.04	PELLEJERO / LAPIERE	AVENTURE		DUPUIS	HACHETTE			Une boîte ouverte. Six cigarettes alignées sur le comptoir. Écrits à la main, sur chacune d'elles, quelques mots. Mis bout à bout, les mots se font poème. Le tabac est vieux et les cigarettes laissent au fond de la bouche un goût amer. Pourquoi ces mots ? Quelle histoire derrière cette fumée qui s'échappe en volutes bleues ? Laura en connaît plusieurs débuts. Il y est question de prisonniers qui souffrent et de femmes qui pleurent. En connaît-elle la fin ?
BD000364	CASA HOWHARD	12.04	12.04	BALDAZZINI		CASA HOWHARD	GEISHA	HACHETTE	5353073		Elégantes, féminines et mystérieuses. Une nouvelle race d'héroïnes, hommes et femmes à la fois !
BD000365	PACK GORD T1 + T4	11.44	12.04	DENAYER / FRANZ		GORD	JOKER EDITIONS	HACHETTE	5330824	9782862651259	
BD000366	COFFRET GORD 4 VOLUMES	50.11	52.75	DENAYER / FRANZ		GORD	JOKER EDITIONS	HACHETTE	5330923	9782872651498	
BD000367	CAPTAIN PIRATE - T1	8.54	8.99	BELIN / HERVAL		CAPTAIN PIRATE	NUCLÉA	HACHETTE	5060009	9782914235211	Vous rêviez des Caraïbes, de ses plages de sable fin, des tropiques, vous allez être servis ! Hissez la grand voile, moussaillons, l'heure de l'aventure a sonné. Prenez un Captain, pirate au long cours, français, bourru et prêt à tout. Faites le cohabiter avec une jeune espagnole, Inès, petite gamine éprise de bonnes manières flibustières, en un mot, une teigne. Ajoutez un oncle âpre au gain, un gamin ravageur de St Malo et placez le tout en plein 17ème siècle. Une aventure pétillante et pleine d'humour qui vous entraîne dans de nombreux rebondissements à rythme soutenu.
BD000368	PAS SI BÊTE - T1	9.99	10.52	RUTHE		PAS SI BÊTE	JOKER EDITIONS	HACHETTE	5330832	9782872651108	
BD000369	PAS SI BÊTE - T2	9.99	10.52	RUTHE		PAS SI BÊTE	JOKER EDITIONS	HACHETTE	5330790	9782872651368	
BD000370	L'INVASION	11.44	12.04	ARNON			ALBIN MICHEL	HACHETTE	6056535	9782226114686	
BD000371	ROULEZ JEUNESSE	17.6	18.29	BARU			ALBIN MICHEL	HACHETTE	6023394	9782226053251	
BD000372	LA PEAU DU LEOPARD - VERSION LUXE	91.47	91.47	BENOIT			ALBIN MICHEL	HACHETTE	6005532	9782226115423	
BD000373	LES CARNETS SECRETS DE MARCO POLO	17.6	18.29	ALCATENA		MARCO POLO	ALBIN MICHEL	HACHETTE	6062681	9782226114839	
BD000374	A GAUCHE TOUTE	8.54	8.99	CABU			ALBIN MICHEL	HACHETTE	6055248	9782226111333	vous entraîne dans de nombreux rebondissements à rythme soutenu.
BD000375	DEMAIN L'AN 3000	12.89	13.57	COLLECTIF			ALBIN MICHEL	HACHETTE	6054332	9782226109958	
BD000376	COFFRET RANXEROX T1 A T3	42.72	44.97	TAMBURINI / LIBERATORE / CHABAT		RANXEROX	ALBIN MICHEL	HACHETTE	9741398	9782226116994	
BD000377	UN HOMME DANS LA FOULE	17.6	18.29	FROMENTAL / FLOC'H			ALBIN MICHEL	HACHETTE	6014427	9782226023018	
BD000378	GAZOLINE ET PLANETE ROUGE	7.53	7.93	JANO			ALBIN MICHEL	HACHETTE	6051171	9782226037258	
BD000379	LE VOYAGE DE CABOTO	14.19	14.94	MATTOTI			ALBIN MICHEL	HACHETTE	6051650	9782226065650	
BD000380	ON AURA TOUT VU	11.44	12.04	PETILLON			ALBIN MICHEL	HACHETTE	6054902	9782226111067	
BD000381	CA VA FAIRE M@L.COM	11.44	12.04	PETILLON			ALBIN MICHEL	HACHETTE	6062772	9782226116437	
BD000382	CARMEN	5.65	5.95	PICHARD		CARMEN	ALBIN MICHEL	HACHETTE	6002125	9782226012678	
BD000383	LES EXPLOITS D'UN DON JUAN	11.44	12.04	PICHARD		DON JUAN	ALBIN MICHEL	HACHETTE	6023329	9782226053237	
BD000384	LA VIE AU GRAND AIR COFFRET T1 A T3	29.98	31.56	REISER		LA VIE AU GRAND AIR	ALBIN MICHEL	HACHETTE	9741521	9782226120151	
BD000385	LA GRANDE ARNAQUE COFFRET 2 VOLUMES	27.08	28.51	TRILLO / MANDRAFINA		LA GRANDE ARNAQUE	ALBIN MICHEL	HACHETTE	9741695	9782226120311	
BD000386	LA RESURRECTION - T1	14.19	14.94	RISSO / TRILLO		JE SUIS UN VAMPIRE	ALBIN MICHEL	HACHETTE	6056501	9782226114662	
BD000387	HISTOIRE D'UN RETOUR MAKING OF BLAKE ET MORTIMER	23.17	24.39	CAMBIER / VERHOEST		BLAKE ET MORTIMER	DARGAUD	MDS	20015	9782205042627	
BD000388	L'ART ÉROTIQUE D'ALEX VARENNE	28.97	30.49	VARENNE			ALBIN MICHEL	HACHETTE	6024491	9782226055651	
BD000389	LA CORRECTION OU LA CONFUSION DES SENS	18.83	19.82	VARENNE			ALBIN MICHEL	HACHETTE	6038822	9782226092093	
BD000390	LES SALES BLAGUES DE L'ECHO - T8	8.54	8.99	VUILLEMIN		LES SALES BLAGUES DE L'ECHO	ALBIN MICHEL	HACHETTE	6062202	9782226114778	
BD000391	ELLES SONT TOUTES FOLLES DE MOI	12.89	13.57	WOLINSKI			ALBIN MICHEL	HACHETTE	6062699	9782226115157	
BD000392	TROP BREIZH	14.34	15.09	TRAMBER			AU BORD DES CONTINENTS	HACHETTE	5345137	9782911684180	
BD000393	LIENS DE FEMMES	23.17	24.39	FROLLO			BAGHEERA	HACHETTE	4160453	9782908406702	
BD000394	COMPTE A REBOURS	11.88	12.5	UTATANE	MANGA X	COMPTE A REBOURS	BÉDÉROGÈNE	HACHETTE	5071055	9782747400053	Préparez-vous à vous éclater . Ces dix histoires du dessinateur UTATANE, particulièrement apprécié pour la clarté et la précision de son style, brisent tous les tabous et vous offrent le meilleur de l'érotique hardcore. Pas de censure dans cette édition que l'artiste lui-même a spécialement revue afin d'y rétablir les passages interdits au Japon.
BD000395	HOT TAILS - T1	11.88	12.5	YUI	MANGA X	HOT TAILS	BÉDÉROGÈNE	HACHETTE	5071048	9782747400084	En direct de la planche à dessin de YUI, découvrez une véritable cascade de contes lubriques. Une débauche de relations illicites, de sadomasochisme, de transexualité, de domination et bien plus encore.
BD000396	SEX ADDICT STORY	12.04	12.04	FRETET			GEISHA	HACHETTE	5353057	9782914094054	
BD000397	LA MONTAGNE FENDUE	9.99	10.52	LECUREUX		RAHAN	LECUREUX	HACHETTE	5342019	9782913567054	
BD000398	DICK SWEENIE - T1	9.99	10.52	BLAIR		DICK SWEENIE	PAQUET	HACHETTE	5349303	9782940199341	Satire corrosive des films et séries B sur l'invasion de la Terre par les extraterrestres. Des complots, des mystères, des hommes en noir, de nombreux clans qui s'affrontent dans un décor burlesque d'Amérique profonde. Le premier tome des Aventures de Dick Sweenie place d'ores et déjà la saga parmi les ouvrages de BD d'humour caustique.
BD000399	LA DENT DE L'ALLIGATOR - T2	9.99	10.52	GILLON		LES LEVIATHANS	ALBIN MICHEL	HACHETTE	6055297	9782226113733	
BD000400	TERRA INCOGNITA - T1	11.88	12.5	ELLIS / CASSADAY	FANTASTIQUE	PLANETARY	SOLEIL PRODUCTIONS	HACHETTE	5303482	9782845650640	
BD000401	LA SIRENE DE L'ESPACE - T3	8.4	8.84	COLLECTIF	ÉROTIQUE	SALUT LES COQUINES	ARBORIS	HAVAS	204361	9789034410610	
BD000402	DUR DUR LES FAIBLES FEMMES - T4	8.4	8.84	NUNES	ÉROTIQUE	SALUT LES COQUINES	ARBORIS	HAVAS	208048	9789034410641	
BD000403	INNUAT	14.34	15.09	COLLECTIF		INNUAT	PAQUET	HACHETTE	5349360	9782940199396	
BD000404	CA ALORS - T6	8.4	8.84	NUNES	ÉROTIQUE	SALUT LES COQUINES	ARBORIS	HAVAS	240805	9789034410696	
BD000405	LE GRIMOIRE MAUDIT - T3	8.69	9.15	ALESSANDRINI / MOLITERNI	AVENTURE	INDIANA JONES	BAGHEERA	HACHETTE	4160172	9782908406467	
BD000406	ENIGME AU CAIRE	8.69	9.15	BECH	AVENTURE	AIDA NOUR	BAGHEERA	HACHETTE	181281	9782908406290	
BD000407	CUBA 42	8.69	9.15	BRANDOLI / DE ANGELIS	AVENTURE		BAGHEERA	HACHETTE	4160214	9782908406276	
BD000408	LEVE TON CUL - T1	8.69	9.15	CHRIS	HUMOUR	MARIE ROSE AND CO	BAGHEERA	HACHETTE	4160271	9782908406108	
BD000409	ET DIRE QUE DIEU CREA LA FEMME - T2	8.69	9.15	CHRIS	HUMOUR	MARIE ROSE AND CO	BAGHEERA	HACHETTE	4160289	9782908406122	Grand Prix de l' Humour Noir BD en 1991 décerné par le C.E.S.A.R
BD000410	BD FAIT SA CUISINE	12.89	13.57	COLLECTIF	HUMOUR		BAGHEERA	HACHETTE	4160297	9782908406542	
BD000411	LES KIDS	8.69	9.15	DIRKS	HUMOUR		BAGHEERA	HACHETTE	4160263	9782908407075	
BD000412	L'INDIENNE BLANCHE	8.69	9.15	SERPIERI	ÉROTIQUE	L'INDIENNE BLANCHE	BAGHEERA	HACHETTE	4160149	9782908406337	
BD000413	CROQUIS	16.66	17.53	SERPIERI	ÉROTIQUE		BAGHEERA	HACHETTE	4160107	9782908406368	Depuis une dizaine d'années, SERPIERI sillonne le monde. Toujours à la recherche de moments insolites, sa curiosité l'a guidé dans les endroits les plus secrets des villes les plus chaudes : San Diego sur le plateau d'un film hard, Mexico dans l'une de ces maisons de rendez-vous style années 30, Bangkok avec ses jolies Thaïlandaises aux cuissardes provocatrices, Paris dans l'un des théatres de la rue Fontaine, Rome sur le plateau de la Nave au moment ou Federico Fellini le réalisait, Cheyenne à la rencontre d'une belle Indienne aux goûts très spéciaux, etc... SERPIERI, toujours le carnet de croquis à la main, nous raconte ses pérégrinations dans une trentaine de villes et nous dévoile ces femmes dont il a gardé un souvenir impérissable.
BD000414	MORBUS GRAVIS - T1	12.89	13.57	SERPIERI	ÉROTIQUE	DRUUNA	BAGHEERA	HACHETTE	4160396	9782908406146	C'est le premier tome de la série Druuna.<br>On y retrouve Druuna dans un monde rongé par un mal étrange. Elle vendra son corps pour ce sérum qui doit redonner un peu d'humanité à son compagnon et elle découvrira une partie du mystère qui règne sur ce monde inquiétant.
BD000415	DRUUNA - T2	12.89	13.57	SERPIERI	ÉROTIQUE	DRUUNA	BAGHEERA	HACHETTE	4160404	9782908406153	Ecoute moi attentivement, Druuna : tu dois chercher à rejoindre, au plus vite, le coeur de la cité, tu y trouveras une tour... La Tour du Pouvoir. Nous l'appelons ainsi car nous y rassemblons à l'intérieur, toutes les connaissances et témoignages de vérité...
BD000416	CREATURA - T3	12.89	13.57	SERPIERI	ÉROTIQUE	DRUUNA	BAGHEERA	HACHETTE	4160412	9782908406009	
BD000417	CARNIVORA - T4	12.89	13.57	SERPIERI	ÉROTIQUE	DRUUNA	BAGHEERA	HACHETTE	4160420	9782908406214	Les références aux classiques de la science-fiction sont de plus en plus nombreux dans la série Druuna avec Alien, 2001 l'Odyssée de l'espace, et cette fois Blade Runner. En effet, le vaisseau arrive aux confins de l'univers à la limite entre deux dimensions. D'un coté le bien et de l'autre le mal. C'est sur cette brèche que Druuna devra faire face aux réplicants, ces êtres maléfiques qui, petit à petit prennent possession du vaisseau, sont le reflet obscur de l'équipage du navire. Toujours aussi prenant et surprenant, SERPIERI a une imagination sans limite.
BD000418	MANDRAGORA - T5	12.89	13.57	SERPIERI	ÉROTIQUE	DRUUNA	BAGHEERA	HACHETTE	4160438	9782908406320	L'ordinateur CP1 réagit bizarrement, un esprit d'énergie pure semble s'être introduit dans sa mémoire, de plus le mal s'est introduit dans le vaisseau. Doc et son équipe vont alors chercher un moyen d'enrayer ce mal avant qu'il ne se répende dans le vaisseau. Pour cela Druuna devra entrer dans l'esprit du CP1 et retrouver le monde irréel dans lequel elle a vécu si longtemps. Sa tâche sera de découvrir la composition du sérum pour la rapporter à l'équipe du DOC. Une suite à ne pas rater.
BD000419	APHRODISIA - T6	12.89	13.57	SERPIERI	ÉROTIQUE	DRUUNA	BAGHEERA	HACHETTE	4160446	9782908406504	Sixième épisode de la série et Druuna rencontre son clône possédé par l'esprit de Lewis. Dans cette histoire Druuna ne sait plus si elle est réelle ou si elle n'est que le rêve de la vraie Druuna...
BD000420	OBSESSION	23.17	24.39	SERPIERI	ÉROTIQUE	DRUUNA	BAGHEERA	HACHETTE	4160065	9782908406061	Obsession est certainement le plus bel album de SERPIERI dédié à Druuna. On y retrouve croquis et dessins aux crayons aquarellables...
BD000421	DRUUNA X - T1	23.17	24.39	SERPIERI	ÉROTIQUE	DRUUNA X	BAGHEERA	HACHETTE	4160073	9782908406306	Tout ce que vous avez toujours voulu savoir sur Druuna sans avoir jamais osé le demander. SERPIERI nous retrace la naissance de Druuna, cette femme sauvage au physique généreux qui va s'imposer comme l'héroïne de sa plus célébre série.
BD000422	DRUUNA X - T2	23.17	24.39	SERPIERI	ÉROTIQUE	DRUUNA X	BAGHEERA	HACHETTE	4160081	9782908406535	Tout ce que vous avez toujours voulu savoir sur Druuna sans avoir jamais osé le demander. SERPIERI nous retrace la naissance de Druuna, cette femme sauvage au physique généreux qui va s'imposer comme l'héroïne de sa plus célébre série.
BD000423	LES SCENARISTES	10.43	10.98	GAUMER / RODOLPHE			BAGHEERA	HACHETTE	4160305	9782908406221	
BD000424	SERIES SERIALS OR NOT SERIALS	8.69	9.15	GAUMER / RODOLPHE			BAGHEERA	HACHETTE	181295	9782908406313	
BD000425	LE SERMENT DU SAMOURAI - T1	12.89	13.57	GIGI	AVENTURE	UGAKI	BAGHEERA	HACHETTE	4160248	9782908406030	
BD000426	L'ESCRIMEUR FOU - T2	12.89	13.57	GIGI	AVENTURE	UGAKI	BAGHEERA	HACHETTE	4160255	9782908406047	
BD000427	REGARD DE L'APOCALYPSE	12.89	13.57	GIMENEZ / DALPRA	FANTASTIQUE		BAGHEERA	HACHETTE	4160198	9782908406054	
BD000428	OSIRIS	8.69	9.15	MARTIN / PLEYERS	AVENTURE	KEOS	BAGHEERA	HACHETTE	181373	9782908406115	
BD000429	LES LARMES DE JUDAS - T1	8.69	9.15	ROTUNDO / FERRANDINO	AVENTURE	SERRA TORBARA	BAGHEERA	HACHETTE	4160222	9782908406177	
BD000430	SIDA CONNECTION - T2	12.89	13.57	SICOMORO / MOLITERNI	AVENTURE		BAGHEERA	HACHETTE	4160206	9782908406191	
BD000431	COFFRET TALES FROM THE CRYPT T5 A T8	34.18	35.98	COLLECTIF		TALES FROM THE CRYPT	ALBIN MICHEL	HACHETTE	9741794	9782226121028	
BD000432	AFFAIRE BAXTERS	11.3	11.89	MAILLE			BOOK MAKER	HACHETTE	229801	9782912425010	
BD000433	MERS - T1	9.27	9.76	BRETÉCHER	HUMOUR		BRETÉCHER	MDS	65536	9782901076162	
BD000434	BOLOT OCCIDENTAL - T2	9.27	9.76	BRETÉCHER	HUMOUR		BRETÉCHER	MDS	65535	9782901076155	
BD000435	DOCTEUR VENTOUSE BOBOLOGUE - INTEGRALE - T4	14.19	14.94	BRETÉCHER	HUMOUR	DOCTEUR VENTOUSE	BRETÉCHER	MDS	226794	9782901076261	
BD000436	MOULE DEMOULE - T5	9.27	9.76	BRETÉCHER	HUMOUR		BRETÉCHER	MDS	201654	9782901076230	
BD000437	LE DESTIN DE MONIQUE	9.27	9.76	BRETÉCHER	HUMOUR		BRETÉCHER	MDS	239175	9782901076285	
BD000438	AGRIPPINE - T1	9.27	9.76	BRETÉCHER	HUMOUR	AGRIPPINE	BRETÉCHER	MDS	46432	9782901076124	
BD000439	AGRIPPINE PREND VAPEUR - T2	9.27	9.76	BRETÉCHER	HUMOUR	AGRIPPINE	BRETÉCHER	MDS	80955	9782901076179	
BD000440	COMBATS D'AGRIPPINE - T3	9.27	9.76	BRETÉCHER	HUMOUR	AGRIPPINE	BRETÉCHER	MDS	98793	9782901076186	
BD000441	AGRIPPINE ET LES INCLUS - T4	9.27	9.76	BRETÉCHER	HUMOUR	AGRIPPINE	BRETÉCHER	MDS	189068	9782901076209	
BD000442	AGRIPPINE ET L'ANCETRE - T5	9.27	9.76	BRETÉCHER	HUMOUR	AGRIPPINE	BRETÉCHER	MDS	248268	9782901076278	
BD000443	LES FRUSTRES - T2	9.27	9.76	BRETÉCHER	HUMOUR	LES FRUSTRES	BRETÉCHER	MDS	38000	9782901076032	
BD000444	LES FRUSTRES - INTEGRALE	23.17	24.39	BRETÉCHER	HUMOUR	LES FRUSTRES	BRETÉCHER	MDS	202653	9782901076247	
BD000445	TINTIN AU CONGO	8.4	8.84	HERGE	AVENTURE	TINTIN	CASTERMAN	UNION DISTRIBUTION		9782203001015	Album cartonné en français
BD000446	LE MANUSCRIT DE JUDAS	8.11	8.54	STIBANE / VAN LINTHOUT		LES ENQUETES SCAPOLA	CASTERMAN	UNION DISTRIBUTION	CF2601	9782203356337	ALBUM CARTONNE
BD000447	LA CHANCE TOURNE	8.11	8.54	DUGOMIER / SAIVE		LES JEUX SONT FAITS	CASTERMAN	UNION DISTRIBUTION	CF2606	9782203356382	ALBUM BROCHE
BD000448	VOUS PRENDREZ BIEN QUELQUE CHOSE DOCTEUR	8.11	8.54	SWYSEN		ALBERT LOMBAIRE	CASTERMAN	UNION DISTRIBUTION	CF2607	9782203356399	ALBUM BROCHE
BD000449	TINTIN AU CONGO (1931) - FAC SIMILE EN FRANCAIS - Rupture Editeur			HERGE	AVENTURE	TINTIN	CASTERMAN	UNION DISTRIBUTION	CF0053	9782203011120	116 PAGES NOIR ET BLANC
BD000450	LE GRAND PASSAGE - T1	11.44	12.04	SERA / SAIMBERT		LES PROCESSIONNAIRES	ALBIN MICHEL	HACHETTE	6062657	9782226114808	Coupables ou innocents bientôt viendra le jugement pour les processionnaires...
BD000451	TINTIN AUX PAYS DES SOVIETS (1930) - FAC SIMILE EN FRANCAIS	15.79	16.62	HERGE	AVENTURE	TINTIN	CASTERMAN	UNION DISTRIBUTION		9782203011014	148 PAGES NOIR ET BLANC
BD000452	TINTIN AU PAYS DES SOVIETS	8.4	8.84	HERGE	AVENTURE	TINTIN	CASTERMAN	UNION DISTRIBUTION		9782203001008	Cette aventure est celle de la naissance de Tintin et elle est, rien qu'en cela, inestimable. L'album sort en 1930 et sera tiré à 10 000 exemplaires, preuve du succès immédiat de la série. Mais il ne sera ni réimprimé ni adapté pour la couleur comme le furent les huit autres albums parus ensuite en noir et blanc. Devenu mythique après la guerre et introuvable, il ne fut plus disponible - hors divers tirages limités aux amateurs - avant sa réédition en 1981, en version Fac Similé. Le tirage anniversaire de janvier 99, sous même présentation et prix que les 22 albums en couleurs, est destiné à rendre accessible à tous les amoureux de Tintin ce numéro zéro, dans toute son authenticité et ses hésitations de l'époque.<br>Album couverture cartonnée.
BD000453	FAMILIALE POURSUITE	8.11	8.54	ROBBERECHT / RENIER		LA SMALA	CASTERMAN	UNION DISTRIBUTION	CF1647	9782203356276	
BD000454	PRISE DE TETE	8.11	8.54	ROBBERECHT / RENIER		LA SMALA	CASTERMAN	UNION DISTRIBUTION	CF2605	9782203356375	
BD000455	TINTIN EN AMERIQUE	8.4	8.84	HERGE	AVENTURE	TINTIN	CASTERMAN	UNION DISTRIBUTION		9782203001022	Album cartonné en français
BD000456	PAGAILLE CHEZ LES SAMOURAIS	8.11	8.54	ROBBERECHT / RENIER		DEEP MAURICE ET GOLOGAN	CASTERMAN	UNION DISTRIBUTION	CF2602	9782203356344	
BD000457	QUELQUE PART ENTRE LES OMBRES - T1	11.88	12.5	CANALES / GUARDINO	THRILLER	BLACKSAD	DARGAUD	MDS	14100	9782203049657	Attention chef-d'oeuvre ! L'histoire d'un privé qui veut venger son ex-fiancée assassinée, rappelle celle des grands maîtres du polar le plus noir. Cette tragédie classique est transfigurée par un dessin sublime, d'une maestria époustouflante, qui fait de ce polar l'une des plus grandes surprises de l'année.
BD000458	DINOSAURE	7.53	7.93	DISNEY		DINOSAURE	DARGAUD	MDS	42060	9782908803563	Une famille de makis (singes lémuriens) sauve un oeuf de dinosaure sur le point d'éclore et le prénomme Aladar. Des années plus tard, un météore s'écrase sur terre détruisant leur île. Aladar et les siens se réfugient chez une tribu de dinosaures.
BD000459	LES SORCIERES	9.41	9.91	MONTEIL / LARME	HUMOUR	LES SORCIERES	BAGHEERA	HACHETTE	4160370	9782908406658	
BD000460	LA MESSAGERE DE L'ENFER - T2	12.31	12.96	SCHIMPP / LALIA		BELZAREK	ALBIN MICHEL	HACHETTE	6055255		
BD000461	LE MANUSCRIT OUBLIE - T2	14.19	14.94	LALIA		LOVECRAFT	SEFAM	HACHETTE	6063960	9782226116277	Tremblez mortels, LOVECRAFT est de retour avec cette nouvelle adaptation par Horacio LALIA des meilleurs textes de terreur du maître américain. L'empreinte du mal étreint cet album et tous les thèmes chers à LOVECRAFT sont présents : la terreur rampante, l'indicible peur, les grands anciens, Arkham, Nyarlathotep, le manuscrit maudit relié de peau humaine. Un album à lire la nuit, bien sûr, pour frissonner de peur et de bonheur.
BD000462	TINTIN EN AMERIQUE (1931)	15.79	16.62	HERGE	AVENTURE	TINTIN	CASTERMAN	UNION DISTRIBUTION		9782203011137	FAC SIMILE 128 PAGES NOIR ET BLANC
BD000463	LES CIGARES DU PHARAON	8.4	8.84	HERGE	AVENTURE	TINTIN	CASTERMAN	UNION DISTRIBUTION	CF0004	9782203001039	Album cartonné en français
BD000464	PAUVRES MAIS FIERS	11.44	12.04	TRONCHET		FAMILLE POISSART	ALBIN MICHEL	HACHETTE	6062715	9782226114853	
BD000465	LA VERITE SUR LE DEMENAGEMENT	8.54	8.99	MONSIEUR B	HUMOUR	GUIDES EN BD	SEFAM	HACHETTE	6063937	9782226120304	
BD000466	LA VERITE SUR LE REGIME	8.54	8.99	MEUNIER	HUMOUR	GUIDES EN BD	SEFAM	HACHETTE	6056550	9782226114761	
BD000467	LA VERITE SUR LE PERMIS DE CONDUIRE	8.54	8.99	MONSIEUR B	HUMOUR	GUIDES EN BD	ALBIN MICHEL	HACHETTE	6063655	9782226117199	
BD000468	LA VERITE SUR LE MARIAGE	8.54	8.99	MEUNIER	HUMOUR	GUIDES EN BD	SEFAM	HACHETTE	6054381	9782226107415	
BD000469	LES CIGARES DU PHARAON (1934) - FAC SIMILE N&B	15.79	16.62	HERGE	AVENTURE	TINTIN	CASTERMAN	UNION DISTRIBUTION		9782203011045	FAC SIMILE 132 PAGES NOIR ET BLANC
BD000470	LA VERITE SUR LE BEBE	8.54	8.99	RODRIGUE / BOUZIG	HUMOUR	GUIDES EN BD	SEFAM	HACHETTE	6054399	9782226109422	
BD000471	LE LOTUS BLEU	8.4	8.84	HERGE	AVENTURE	TINTIN	CASTERMAN	UNION DISTRIBUTION	CF0005	9782203001046	Album cartonné en français
BD000472	DEOGRATIAS	11.44	12.04	STASSEN		DEOGRATIAS	DUPUIS	HACHETTE	6811533	9782800129723	Dépenaillé, les yeux brûlants de fièvre, Déogratias erre dans les rues de Butare, au Rwanda. Déogratias, pauvre fou, a besoin d'urwagwa, toujours plus d'urwagwa, la bière de banane. Pour oublier qu'il n'est plus qu'un chien terrorisé par la nuit. Pour oublier les cauchemars qui le hantent. Pour oublier que lui, le Hutu, a lâchement assassiné les femmes Tutsi qu'il aimait. Mais peut-on effacer de son esprit et de son corps la trace poisseuse du sang et le goût salé des larmes ? En choisissant de situer son nouvel album au Rwanda, avant et juste après le génocide, Jean-Philippe STASSEN place la barre très haut : comment exprimer l'indicible et peindre l'inqualifiable ? Avec Déogratias, il démontre magistralement qu'il n'est pas seulement un raconteur d'histoires mais aussi un rapporteur de l'Histoire, celle qu'on ne choisit pas mais qui s'impose par ses drames. Plus qu'un album émouvant, Déogratias est une oeuvre exceptionnelle empreinte d'une profonde humanité.
BD000473	VIOLETTE - T2	8.54	8.99	SERVAIS / DEWAMME		TENDRE VIOLETTE	CASTERMAN	UNION DISTRIBUTION			
BD000474	TENDRE VIOLETTE COFFRET T1 ET T2	17.09	17.99	SERVAIS / DEWAMME		TENDRE VIOLETTE	CASTERMAN	UNION DISTRIBUTION			
BD000475	VOYAGES EN UTOPIE	21	22.11	SCHUITEN / PEETERS		LES CITES OBSCURES	CASTERMAN	UNION DISTRIBUTION	CF2689		
BD000476	LE PENALTY - T1	8.11	8.54	BARU		LES ANNEES SPOUTNIK	CASTERMAN	UNION DISTRIBUTION			
BD000477	C'EST MOI LE CHEF - T2	8.11	8.54	BARU		LES ANNEES SPOUTNIK	CASTERMAN	UNION DISTRIBUTION			
BD000478	LE LOTUS BLEU (1936) - FAC SIMILE N&B	15.79	16.62	HERGE	AVENTURE	TINTIN	CASTERMAN	UNION DISTRIBUTION		9782203011052	FAC SIMILE 140 PAGES NOIR ET BLANC
BD000479	L'OREILLE CASSEE	8.4	8.84	HERGE	AVENTURE	TINTIN	CASTERMAN	UNION DISTRIBUTION		9782203001053	Album cartonné en français
BD000480	ISTANBUL	13.76	14.48	FERRANDEZ		CARNETS D'ORIENT	CASTERMAN	UNION DISTRIBUTION	CF2703		
BD000481	LE VAMPIRE DES MARAIS - T1	8.11	8.54	MAURICET / VANHOLME		MORT DE TROUILLE	CASTERMAN	UNION DISTRIBUTION			
BD000482	PALEUR MORTELLE - T1	8.11	8.54	FAHRER / TRILLO		MON NOM N'EST PAS WILSON	CASTERMAN	UNION DISTRIBUTION			
BD000483	LES ENFANTS HIBOUX	8.11	8.54	DETHUIN / CORCAL		LE BOIS DES MYSTERES	CASTERMAN	UNION DISTRIBUTION			
BD000484	BARAKA LA CATA	8.11	8.54	DE BRAB / ZIDROU		CHOCO	CASTERMAN	UNION DISTRIBUTION			
BD000485	L'OREILLE CASSEE (1937) - FAC SIMILE N&B	15.79	16.62	HERGE	AVENTURE	TINTIN	CASTERMAN	UNION DISTRIBUTION		9782203011069	FAC SIMILE 140 PAGES NOIR ET BLANC
BD000486	L'ILE NOIRE	8.4	8.84	HERGE	AVENTURE	TINTIN	CASTERMAN	UNION DISTRIBUTION	CF0007	9782203001060	Album cartonné en français
BD000487	GLOIRE A SATAN	7.82	8.23	TAYMANS / WESEL / DELPERDANGE		MAC NAMARA	CASTERMAN	UNION DISTRIBUTION			
BD000488	LES PERES NOEL	9.41	9.91	LARME / MONTEIL	HUMOUR	LES PERES NOEL	BAGHEERA	HACHETTE	4160388	9782908406672	
BD000489	CACA RENTE	11.44	12.04	VEYRON		CACA RENTE	ALBIN MICHEL	HACHETTE	6062673	9782226114822	
BD000490	REVOLUTION	11.44	12.04	MANARA	ÉROTIQUE	REVOLUTION	ALBIN MICHEL	HACHETTE	6062764	9782226114907	Un groupe de révolutionnaires fanatiques soutient la théorie selon laquelle notre société actuelle reproduit la société française à la veille de la Révolution de 1789. La télévision a créé une caste de gens riches et célèbres qui vivent une existence à part, un nouvel Olympe où n'a d'importance que ce qui passe à la télé. Ces nouveaux Jacobins séquestrent et jugent publiquement les nouveaux nobles, allant jusqu'à les condamner à mort et les guillotiner. Ces procès enflamment les masses populaires, toujours prêtes à massacrer ceux qu'elles avaient encensés peu de temps avant. Bientôt une guillotine est installée sur chaque place, et la chasse aux VIP se déchaîne.
BD000491	HOTEL PARTICULIER - T1	14.34	15.09	BEC / BETBEDER		HOTEL PARTICULIER	SOLEIL PRODUCTIONS	HACHETTE	5304076	9782845651050	
BD000492	MORITURI TE SALUTANT - T1	11.88	12.5	MANGIN / GAJIC		LE FLEAU DES DIEUX	SOLEIL PRODUCTIONS	HACHETTE		2845650981	Depuis 1000 ans, l'Orbis, l'Empire Romain Galactique est en paix. Soudain une terrible nouvelle éclate : les Huns ont pillé Aquincum, une planète provinciale. L'empereur réunit aussitôt ses légions mais le destin est contre lui. Il meurt avant même le début de la guerre. L'Orbis doit céder et accepte de livrer 12 jeunes patriciens pour qu'ils soient sacrifiés à Kerka, la déesse du chaos adorée par les Huns.
BD000493	L'ILE NOIRE (1938) - FAC SIMILE 132 PAGES N&B	15.79	16.62	HERGE	AVENTURE	TINTIN	CASTERMAN	UNION DISTRIBUTION		9782203011076	FAC SIMILE 132 PAGES NOIR ET BLANC
BD000494	L'ILE NOIRE - FAC SIMILE VERSION 1943	15.79	16.62	HERGE	AVENTURE	TINTIN	CASTERMAN	UNION DISTRIBUTION		9782203011373	FAC SIMILE COULEURS 64 PAGES
BD000495	LE SCEPTRE D'OTTOKAR	8.4	8.84	HERGE	AVENTURE	TINTIN	CASTERMAN	UNION DISTRIBUTION		9782203001077	ALBUM CARTONNE
BD000496	CINERIA CRUENTUS - T1	11.88	12.5	GAETA		DOCTEUR GRAHMS	SOLEIL PRODUCTIONS	HACHETTE			Il ne faut pas ouvrir certaines portes...L'assassin est parmi nous !
BD000497	LA SOLIMERE - T1	11.88	12.5	MICHEL / ISTIN		AQUILON	SOLEIL PRODUCTIONS	HACHETTE			Sachez qu'entre le venue de Fedath le méphitique et les discordes magiques des trompes de Sedanios, il y eut une ère connue des chroniqueurs Arcadiens sous le nom de guerre Decarienne. Un âge obscur et mystérieux empli d'un souffle épique dont les instants les plus insipides paraîtraient aujourd'hui les plus héroïques ! Un temps reculé que ne soupçonne même pas l'alchimiste le plus fou ! Une époque où les sorcières se réfugièrent au sein des abîmes de Tyres. Sachez que leur maîtresse, Cyrka l'usurpatrice, étendait alors son ombre maléfique sur le monde que l'on nommait Syr'Naé. Sachez enfin qu'il est un roi, unique, dont les étoiles prédirent aux Vennkiz, l'avènement. Un roi, symbole d'unification, qui régna sur Syr'Naé durant 800 années gadariennes. Issu de la dynastie massacrée des Bagahald, il est Aquilon ! Suivez le, si vous l'osez, aux travers des tumultes de son épopée...
BD000498	LA VILLE JAUNE - T1	11.88	12.5	BARBUCCI / CANEPA		SKY DOLL	SOLEIL PRODUCTIONS	HACHETTE	5303599	9782845650176	
BD000499	LE VOYAGE - T1	11.88	12.5	CASTAZA / ANGE		KHATEDRA	SOLEIL PRODUCTIONS	HACHETTE	5303458	9782845650633	
BD000500	FOUILLES MORTELLES - T1	8.98	9.45	LATIL / JULIE		LES MANUSCRITS DE SANG	SOLEIL PRODUCTIONS	HACHETTE	5303334	9782845650626	
