ref;auteur;heros;titre;serie;prixPublic;prixEditeur;genre;refEdit;editeur;refFournisseur;fournisseur;resume;;
BD000001;GOSCINNY / UDERZO;ASTERIX;LE GRAND FOSSE;;8.54;8.11;HUMOUR;5030002;ALBERT RENE;9782864970002;HACHETTE;;;
BD000002;UDERZO;GROENSTEEN;ASTERIX BARBARELLA ET CIE;;29.72;28.23;;;SOMOGY;9782850563898;C.D.I;L'histoire de la BD, qui commence dans les années 1830, a rarement été racontée dans sa continuité, éparpillée qu'elle est entre toutes sortes de dictionnaires et d'études monographiques. Thierry GROENSTEEN, directeur du musée de la bande dessinée d'expression française, des origines à nos jours, s'intéressant tout à la fois aux oeuvres, aux techniques, aux supports et à la sociologie du média. Accompagnée d'une chronologie extrêmement détaillée, cette histoire est détaillée par 120 planches parmi les plus significatives du fonds francophone conservé au Musée de la BD comme celles de BILAL, FRANQUIN, HERGE, MOEBIUS, TARDI, UDERZO, etc... Chacune de ces planches fait l'objet d'un commentaire esthétique.<br>280 pages - Relié - Format 25 x 28;;
BD000003;MAKYO;GRAINES DE PARADIS;LISE A SOUVENT PEUR - T1;;11.89;11.3;AVENTURE;7387475;GLENAT;9782723429498;HACHETTE;Pierre Zakhano, jeune écrivain, est interviewé pour la sortie de son premier roman intitulé L'Histoire de Chaque jour. Sous forme de biographie, ce livre raconte l'histoire d'une jeune fille, Lise, l'ayant visiblement beaucoup marqué. Ses souvenirs d'enfance réapparaissent alors. Lise, jeune fille lunatique et renfermée, vit seule avec sa mère et sa grand-mère dans une grande propriété de campagne. Son meilleur ami est Pierre à qui elle confie tout ce qu'elle a sur le coeur. Pour tenter de l'apaiser, il lui propose une petite histoire différente chaque jour, dont celle des Graines de Paradis, révélant que chaque grain de beauté, en fonction de sa position sur le visage, est le signe d'un pouvoir. Celui que possède Lise sur la joue droite lui permet de garder un coeur léger dans toutes les épreuves.;;
BD000004;BEAUDOIN;CHRONIQUES BANCALES;CHRONIQUES BANCALES ET TURBULENTES;;14.94;14.19;;5345004;AU BORD DES CONTINENTS;9782911684159;HACHETTE;Une échappée fulgurante dans l'univers poétique et trépident des Bigoudènes iconoclastes de Gérard BEAUDOIN.<br><br>Album 80 pages - Format 27,5 x 21;;
BD000005;GRATON;;SPECIAL LEADER  - A Paraître;;;;AVENTURE;5800461;DUPUIS;9782870980200;HACHETTE;;;
BD000006;MILLER / MAZZUCCHELLI;BATMAN;BATMAN ANNEE UN;;12.04;11.44;FANTASTIQUE;F62475;DELCOURT;9782840554417;UNION DISTRIBUTION;;;
BD000007;GOSCINNY / UDERZO;ASTERIX;L'ODYSSEE D'ASTERIX;;8.54;8.11;HUMOUR;5030010;ALBERT RENE;9782864970040;HACHETTE;;;
BD000008;CAMPBELL / MOORE;FROM HELL;FROM HELL;;44.97;42.72;THRILLER;F62519;DELCOURT;;UNION DISTRIBUTION;Pour faire face à un chantage concernant la naissance d'un enfant né de l'union inavouable d'un petit-fils de la famille royale et d'une prostituée, la Reine Victoria dépèche son médecin, William Gull, afin de régler ce problème. Celui-ci, tout en suivant les ordres de la Reine, va néanmoins poursuivre ses propres plans. Les meurtres atroces qu'il va commettre à Whitechapel durant l'automne 1888 défrayeront la chronique... Le mystérieux assassin, surnommé Jack l'éventreur, ne sera jamais identifié par la police. Les crimes qu'il commet auront pour Gull/Jack l'éventreur, une portée telle qu'ils provoqueront chez lui des visions terrifiantes d'un XXème siècle froid et inhumain...;;
BD000009;TRONDHEIM / GARCIA;LES TROIS CHEMINS;LES TROIS CHEMINS;;8.69;8.26;JEUNESSE;F62538;DELCOURT;9782840554615;UNION DISTRIBUTION;John Mc Mac, avare notoire, est à la recherche de trois pièces d'or qu'un de ses créanciers lui doit. Roselita, elle, a l'habitude de recevoir tous les matins le pain d'un nuage, jusqu'au jour où il ne lui envoie plus que des pierres. H Deuzio est un petit robot qui a peur de l'eau parce qu'elle pourrait le faire rouiller, et qui voyage en bateau. Ces trois personnages évoluent chacun sur leur propre route. Au gré de leurs aventures, les chemins et les destins vont se croiser et se décroiser.;;
BD000010;JOHANNA;LES PHOSFEES;NANA FAIT DES CAUCHEMARS - T1;;8.69;8.26;JEUNESSE;;DELCOURT;;UNION DISTRIBUTION;Nana est une petite fille comme les autres. Et comme les autres, Nana fait des cauchemars, mais elle, c'est toutes les nuits. Elle rêve d'une vilaine sorcière qui vient la chercher et lui fait subir mille supplices. Un soir, elle aperçoit des étincelles colorées qui dansent dans un rayon de lumière : ce sont les Phosfées qui l'aideront à combattre les monstres de la nuit...;;
BD000011;CHICAULT;ZELIE;ZELIE L'APPRENTIE SORCIERE;;8.69;8.26;JEUNESSE;;DELCOURT;;UNION DISTRIBUTION;;;
BD000012;FLOCH;TINTIN;UNE LECTURE DE TINTIN AU TIBET;;21.04;19.99;AVENTURE;PB2060;PUF;9782130488149;UNION DISTRIBUTION;;;
BD000013;GOSCINNY / UDERZO;ASTERIX;LE FILS D'ASTERIX;;8.54;8.11;HUMOUR;5030028;ALBERT RENE;9782864970118;HACHETTE;;;
BD000014;JODOROWSKY / JANJETOV / BELTRAN;LES TECHNOPERES;COFFRET LES TECHNOPERES - T1 A T3;;38.95;37;;4349643;HUMANOIDES ASSOCIES;;HACHETTE;;;
BD000015;YOSHIMOTO;;KITCHEN;;12.2;11.59;;A731442;GALLIMARD;9782070731442;SODIS;;;
BD000016;YOSHIMOTO;;LEZARD;;15.24;14.48;;37643;RIVAGES;;LE SEUIL;;;
BD000017;LOUSTAL;;V COMME ENGEANCE;;14.94;14.19;;10063;AUTREMENT;;LE SEUIL;;;
BD000018;LOUSTAL;;ARRIERE SAISON;;9.91;9.41;;;ALBIN MICHEL;;HACHETTE;;;
BD000019;GOSCINNY / UDERZO;ASTERIX;ASTERIX CHEZ RAHAZADE;;8.54;8.11;HUMOUR;5030036;ALBERT RENE;9782864970200;HACHETTE;;;
BD000020;SAINT MARC;SAD' CLUB;SAD' CLUB - T1;;18.29;18.29;EROTIQUE;F913;LA MUSARDINE;;LA MUSARDINE;Album illustré Grand Format - Textes à droite et dessins à gauche - Les fantasmes sado-masochistes d'un auteur disciple de Joseph Farel.;;
BD000021;BILAL;;HORS JEU;;18.29;17.6;;9698;AUTREMENT;;LE SEUIL;;;
BD000022;BILAL;;LOS ANGELES - VERSION NORMALE;;18.29;17.6;;6949;AUTREMENT;;LE SEUIL;;;
BD000023;BILAL / CHRISTIN;CORRESPONDANCES DE PIERRE CHRISTIN;LE SARCOPHAGE;;12.96;12.31;;14517;DARGAUD;;MDS;;;
BD000024;DRUILLET / DEMUTH;YRAGAEL;YRAGAEL - T1;;13.57;12.89;;6055354;ALBIN MICHEL;2226121137;HACHETTE;Ceci est l'histoire de la chute du tout dernier empire sur terre, quand elle portait l'empreinte des Dieux créateurs qui assistèrent à l'éclosion de l'univers. Ceci concerne la cité de Sphardin, coeur desséché du royaume de Cèmèroon. la face de la terre qui abritait l'oeil du cosmos initial, dont le Vortex était la pupille, un puits de néant et d'étoiles ouvert sur le passé et le devenir. Ceci est le récit d'Yragaël, porteur de la vision, héritier du trône de Spharaïn et de sa lutte effrayante contre son frère fou, Saber d'Irismonde. Ceci est la ballade du plus fragile et terrifiant amour que jamais un mâle noble porta à une magicienne. Et ceci est aussi et surtout la complainte de la fin des hommes...;;
BD000025;GOSCINNY / UDERZO;ASTERIX;LA ROSE ET LE GLAIVE;;8.54;8.11;HUMOUR;5030168;ALBERT RENE;9782864970538;HACHETTE;;;
BD000026;DRUILLET;;LA NUIT;;13.57;12.89;;6055362;SEFAM;;HACHETTE;;;
BD000027;DRUILLET / DOISNEAU;;PARIS DE FOUS;;37.35;35.48;;16680;DARGAUD;;MDS;;;
BD000028;FERRANDEZ;;NOSTALGIA IN TIME SQUARE;;3.35;3.35;;9556593;FUTUROPOLIS;;SODIS;;;
BD000029;FERRANDEZ / CHRISTIN;;CHEZ LES CHEIKHS;;12.96;12.31;;14511;DARGAUD;;MDS;A gauche, le désert des déserts, celui de Lawrence d'Arabie. A droite, une monstrueuse usine de déssalement des eaux. Devant, une femme-oiseau avec son masque scintillant. Derrière, des puits de pétrole plantés en pleine mer.<br><br>Voyage dans l'espace-temps aux Emirats Arabes Unis.;;
BD000030;SAINT MARC;SAD' CLUB;LES ESCLAVES DE DUENA - T2;;18.29;18.29;EROTIQUE;F903;LA MUSARDINE;;LA MUSARDINE;Album illustré Grand Format - Textes à droite et dessins à gauche - Les fantasmes sado-masochistes d'un auteur disciple de Joseph Farel.;;
BD000031;GOSCINNY / UDERZO;ASTERIX;LA GALERE D'OBELIX;;8.54;8.11;HUMOUR;5030093;ALBERT RENE;9782864970965;HACHETTE;;;
BD000032;GOSCINNY / UDERZO;ASTERIX;LA GALERE D'OBELIX - VERSION SEMI LUXE;;18.29;17.6;HUMOUR;5030606;ALBERT RENE;9782864971122;HACHETTE;;;
BD000033;GOSCINNY / UDERZO;ASTERIX;ASTERIX ET LA SURPRISE DE CESAR;;8.69;8.26;HUMOUR;5030044;ALBERT RENE;9782864970156;HACHETTE;;;
BD000034;GOSCINNY / UDERZO;ASTERIX;LE COUP DU MENHIR;;8.08;7.68;HUMOUR;5030051;ALBERT RENE;9782864970491;HACHETTE;;;
BD000035;GOSCINNY / UDERZO;ASTERIX;ASTERIX ET LES INDIENS;;8.08;7.68;HUMOUR;5030507;ALBERT RENE;9782864970842;HACHETTE;;;
BD000036;GOSCINNY / UDERZO;ASTERIX;COMMENT OBELIX EST TOMBE DANS LA MARMITE;;7.17;6.81;HUMOUR;5030069;ALBERT RENE;9782864970392;HACHETTE;Il fallait bien qu'un jour la vérité éclate. Qu'un jour enfin, l' Humanité sache le fin mot de ce mystère qui la tient en haleine depuis plus de deux mille ans. Car si l'on n'ignore pas qu' Obélix est tombé dans la marmite de potion magique quand il était petit, on ne sait pas comment. Eh bien ! L' heure est venue. Et dans la mesure où il porte sa part de responsabilité dans cette sombre affaire, nous avons demandé à Astérix de tout vous dire. Alors, fiat lux !;;
BD000037;;ASTERIX;UDERZO DE FLAMBERGE A ASTERIX;;27.44;26.07;HUMOUR;5030077;ALBERT RENE;9782905336002;HACHETTE;Plan de l'ouvrage : Le Temps des Réglisses 1927 à 1940 - Le Temps des Tickets 1940 à 1945 - Le Temps des Essais 1945 à 1959 - Le Temps de Pilote 1959 à 1961 - L'Ere d'Astérix 1961;;
BD000038;GOSCINNY / UDERZO;OUMPAH PAH;OUMPAH PAH LE PEAU ROUGE - T1;;8.99;8.54;HUMOUR;5030564;ALBERT RENE;9782864970934;HACHETTE;Né en 1951 de l'imagination délirante de René Goscinny et d'Albert Uderzo, Oumpah Pah et son complice Hubert de la Pâte Feuilletée nous entraînent dans de folles aventures dignes des meilleurs épisodes de la série Astérix. Cependant ce n'est qu'en 1958 que les lecteurs du journal Tintin découvriront, les premiers, notre sympathique héros. Comme pour Jehan Pistolet, l'histoire se déroule au XVIIIème siècle et met en confrontation la tribu des Shavashavas et les premiers européens qui découvrent le Nouveau Monde.;;
BD000039;GOSCINNY / UDERZO;OUMPAH PAH;OUMPAH PAH SUR LE SENTIER DE LA GUERRE - ET LES PIRATES - T2;;8.99;8.54;HUMOUR;5030572;ALBERT RENE;9782864970941;HACHETTE;Né en 1951 de l'imagination délirante de René Goscinny et d'Albert Uderzo, Oumpah Pah et son complice Hubert de la Pâte Feuilletée nous entraînent dans de folles aventures dignes des meilleurs épisodes de la série Astérix. Cependant ce n'est qu'en 1958 que les lecteurs du journal Tintin découvriront, les premiers, notre sympathique héros. Comme pour Jehan Pistolet, l'histoire se déroule au XVIIIème siècle et met en confrontation la tribu des Shavashavas et les premiers européens qui découvrent le Nouveau Monde.;;
BD000040;GOSCINNY / UDERZO;OUMPAH PAH;OUMPAH PAH - LA MISSION SECRETE - CONTRE FOIE MALADE - T3;;8.99;8.54;HUMOUR;5030580;ALBERT RENE;9782864970958;HACHETTE;Né en 1951 de l'imagination délirante de René Goscinny et d'Albert Uderzo, Oumpah Pah et son complice Hubert de la Pâte Feuilletée nous entraînent dans de folles aventures dignes des meilleurs épisodes de la série Astérix. Cependant ce n'est qu'en 1958 que les lecteurs du journal Tintin découvriront, les premiers, notre sympathique héros. Comme pour Jehan Pistolet, l'histoire se déroule au XVIIIème siècle et met en confrontation la tribu des Shavashavas et les premiers européens qui découvrent le Nouveau Monde.;;
BD000041;GOSCINNY / UDERZO;JEHAN PISTOLET;CORSAIRE PRODIGIEUX - T1;;8.23;7.82;HUMOUR;5030622;ALBERT RENE;9782864971214;HACHETTE;Editées pour la première fois en 1952, dans la Libre Junior, les aventures de Jehan Pistolet représentent l'oeuvre de jeunesse de René Goscinny et d'Albert Uderzo. Elles préfigurent déjà, 7 ans avant Astérix, l'humour caractéristique de nos deux auteurs. Les deux séries cohabiteront d'ailleurs en 1960 dans le magazine Pilote. L'histoire se déroule au XVIIIème siècle où un groupe d'amis décide de se lancer dans l'Aventure en devenant corsaires. Humour et action sont au rendez-vous tout au long de ces albums.;;
BD000042;GOSCINNY / UDERZO;JEHAN PISTOLET;CORSAIRE DU ROY - T2;;8.23;7.82;HUMOUR;5030630;ALBERT RENE;9782864971207;HACHETTE;Editées pour la première fois en 1952, dans la Libre Junior, les aventures de Jehan Pistolet représentent l'oeuvre de jeunesse de René Goscinny et d'Albert Uderzo. Elles préfigurent déjà, 7 ans avant Astérix, l'humour caractéristique de nos deux auteurs. Les deux séries cohabiteront d'ailleurs en 1960 dans le magazine Pilote. L'histoire se déroule au XVIIIème siècle où un groupe d'amis décide de se lancer dans l'Aventure en devenant corsaires. Humour et action sont au rendez-vous tout au long de ces albums.;;
BD000043;GOSCINNY / UDERZO;JEHAN PISTOLET;JEHAN PISTOLET ET L'ESPION - T3;;8.23;7.82;HUMOUR;5030648;ALBERT RENE;9782864971269;HACHETTE;Editées pour la première fois en 1952, dans la Libre Junior, les aventures de Jehan Pistolet représentent l'oeuvre de jeunesse de René Goscinny et d'Albert Uderzo. Elles préfigurent déjà, 7 ans avant Astérix, l'humour caractéristique de nos deux auteurs. Les deux séries cohabiteront d'ailleurs en 1960 dans le magazine Pilote. L'histoire se déroule au XVIIIème siècle où un groupe d'amis décide de se lancer dans l'Aventure en devenant corsaires. Humour et action sont au rendez-vous tout au long de ces albums.;;
BD000044;ABULI / OSWAL;;SOMBRES DESTINS;;12.04;11.44;;6052260;ALBIN MICHEL;9782226095930;HACHETTE;;;
BD000045;ABULI / BERNET;SNAKE;SNAKE DOUBLE PAIRE;;10.52;9.99;HUMOUR;6052427;ALBIN MICHEL;9782226106292;HACHETTE;;;
BD000046;ADAMS;DILBERT;LES MISERES DE LA VIE DE BUREAU - T1;;12.04;11.44;HUMOUR;6052237;ALBIN MICHEL;9782226095527;HACHETTE;;;
BD000047;ADAMS;DILBERT;BIENVENUE DANS LE MONDE MERVEILLEUX DE L'INFORMATIQUE - T2;;12.04;11.44;HUMOUR;6052294;ALBIN MICHEL;9782226099549;HACHETTE;;;
BD000048;ADAMS;DILBERT;COMMENT DEVENIR CHEF A LA PLACE DU CHEF - T3;;12.04;11.44;HUMOUR;6052377;ALBIN MICHEL;9782226104526;HACHETTE;;;
BD000049;ADAMS;DILBERT;LES NOUVELLES MISERES DE LA VIE DE BUREAU - T4;;12.04;11.44;HUMOUR;6052500;ALBIN MICHEL;9782226106841;HACHETTE;;;
BD000050;ADAMS;DILBERT;Y A-T-IL UNE VIE APRES LE BUREAU - T5;;12.04;11.44;HUMOUR;6052609;ALBIN MICHEL;9782226107497;HACHETTE;;;
BD000051;AMOURIQ;PETASSINE;LE PETIT MONDE DE PETASSINE;;12.04;11.44;EROTIQUE;6051403;ALBIN MICHEL;9782226056757;HACHETTE;POUR ADULTES;;
BD000052;ARNON;LES FURIES;LES FURIES;;11.89;11.3;HUMOUR;6051932;ALBIN MICHEL;9782226079411;HACHETTE;Femmes fatales et pirates sanguinaires, îles désertes et fabuleux trésor, odeurs de poudre, de sexe et de bagarre... Avec ARNON et ses Furies, vivez la plus fabuleuse légende de tous les temps : la grande piraterie sous le soleil des Caraïbes... Mais assez perdu de temps : à l'abordage !;;
BD000053;ARNON;COEURS DE SILEX;NEANDERTHAL GIRLS;;11.89;11.3;HUMOUR;6052161;ALBIN MICHEL;9782226094674;HACHETTE;;;
BD000054;AUTHEMAN;;QU'EST CE QU'ELLES ONT LES FILLES;;8.99;8.54;HUMOUR;6051429;ALBIN MICHEL;9782226056771;HACHETTE;Gisèle, Olga, Elvire, Paméla... Elles sont toutes super, mais quelles embrouilles en perspective !;;
BD000055;AUTHEMAN;;DERANGEZ PAS MEME;;9.91;9.41;HUMOUR;6051759;ALBIN MICHEL;9782226076137;HACHETTE;AUTHEMAN poursuit l'exploration de l'éternel féminin. Décapant !;;
BD000056;AUTHEMAN;;L'OMBRE DE MOI MEME;;12.04;11.44;HUMOUR;6055164;ALBIN MICHEL;9782226107527;HACHETTE;Suite de situations insolites et amusantes, puisque le héros de ce recueil est perpetuellement suivi par son ombre !;;
BD000057;BARU;;COURS CAMARADE;;8.69;8.26;HUMOUR;6051049;ALBIN MICHEL;9782226031686;HACHETTE;;;
BD000058;BARU;;LA PISCINE DE MICHEVILLE;;10.52;9.99;HUMOUR;6051643;ALBIN MICHEL;9782226065636;HACHETTE;;;
BD000059;BERCOVICI / JAGER;ET DIEU CREA EVE;ET DIEU CREA EVE AH OUI ADAM AUSSI;;10.52;9.99;HUMOUR;6052179;ALBIN MICHEL;9782226094681;HACHETTE;;;
BD000060;BOOGAARD / SCHIPPERS;LEON LA TERREUR;LEON LA TERREUR;;7.93;7.53;HUMOUR;6003602;ALBIN MICHEL;9782226016744;HACHETTE;;;
BD000061;BOOGAARD / SCHIPPERS;LEON LA TERREUR;LEON LA TERREUR S'EN BALANCE;;7.93;7.53;HUMOUR;6050934;ALBIN MICHEL;9782226025845;HACHETTE;;;
BD000062;BOOGAARD / SCHIPPERS;LEON LA TERREUR;LEON LA TERREUR FAIT DES VAGUES;;7.93;7.1;HUMOUR;6051031;ALBIN MICHEL;9782226031730;HACHETTE;;;
BD000063;BOOGAARD / SCHIPPERS;LEON LA TERREUR;LEON LA TERREUR CASSE LA BARAQUE;;8.69;8.26;HUMOUR;6051304;ALBIN MICHEL;9782226048875;HACHETTE;;;
BD000064;BOOGAARD / SCHIPPERS;LEON LA TERREUR;LE MEILLEUR DE LEON LA TERREUR - BEST OF;;28.97;27.52;HUMOUR;6051940;ALBIN MICHEL;9782226085153;HACHETTE;;;
BD000065;CABANES;;LES ANNEES PATTES D'EPH;;10.52;9.99;HUMOUR;6051528;ALBIN MICHEL;9782226060013;HACHETTE;;;
BD000066;CABANES;;BOUQUET DE FLIRTS;;11.43;10.86;HUMOUR;6051924;ALBIN MICHEL;9782226085504;HACHETTE;;;
BD000067;CABU;;LE GROS BLOND AVEC SA CHEMISE NOIRE;;8.69;8.26;HUMOUR;6017222;ALBIN MICHEL;9782226031679;HACHETTE;;;
BD000068;CABU;;TONTON ACCRO;;8.69;8.26;HUMOUR;6017420;ALBIN MICHEL;9782226031709;HACHETTE;;;
BD000069;CABU;;A CONSOMMER AVEC MODERATION;;8.69;8.26;HUMOUR;6018964;ALBIN MICHEL;9782226035547;HACHETTE;;;
BD000070;CABU;;CABU AU CANARD ENCHAINE;;10.52;9.99;HUMOUR;6019624;ALBIN MICHEL;9782226035721;HACHETTE;;;
BD000071;CABU;;MORT AUX VIEUX;;8.69;8.26;HUMOUR;6019673;ALBIN MICHEL;9782226035745;HACHETTE;;;
BD000072;CABU;;LES INTERDITS DE CABU;;12.2;11.59;HUMOUR;6020796;ALBIN MICHEL;9782226037398;HACHETTE;;;
BD000073;CABU;;LES ABRUTIS SONT PARMI NOUS;;13.57;12.89;HUMOUR;6023303;ALBIN MICHEL;9782226052896;HACHETTE;;;
BD000074;CABU;;TONTON LA TERREUR;;8.99;8.54;HUMOUR;6023345;ALBIN MICHEL;9782226053220;HACHETTE;;;
BD000075;CABU;;ADIEU TONTON;;8.99;8.54;HUMOUR;6051478;ALBIN MICHEL;9782226059109;HACHETTE;;;
BD000076;CABU;;RESPONSABLES MAIS PAS COUPABLES;;8.99;8.54;HUMOUR;6051544;ALBIN MICHEL;9782226061812;HACHETTE;;;
BD000077;CABU;;SECRETS D'ETAT;;12.96;12.31;HUMOUR;6028286;ALBIN MICHEL;9782226061928;HACHETTE;;;
BD000078;CABU;;A VOTRE BON COEUR L'ABBE PIERRE CHEZ LES EXCLUS;;10.52;9.99;HUMOUR;6051809;ALBIN MICHEL;9782226077875;HACHETTE;;;
BD000079;CABU;;LES AVENTURES EPATANTES DE JACQUES CHIRAC;;10.52;9.99;HUMOUR;6051965;ALBIN MICHEL;9782226087034;HACHETTE;;;
BD000080;CABU;;SHOWBIZ;;7.93;7.1;HUMOUR;6014195;ALBIN MICHEL;9782226022936;HACHETTE;;;
BD000081;CABU;;LE RETOUR DU GROS BLOND;;10.52;9.99;HUMOUR;6052112;ALBIN MICHEL;9782226093677;HACHETTE;;;
BD000082;CABU;GRAND DUDUCHE;LE MEILLEUR DU GRAND DUDUCHE;;14.94;14.19;HUMOUR;6052476;ALBIN MICHEL;9782226105578;HACHETTE;;;
BD000083;CABU;;VAS Y JOSPIN;;10.52;9.99;HUMOUR;6052526;ALBIN MICHEL;9782226107329;HACHETTE;;;
BD000084;CESTAC / EDITH / DODO / ROQUES;;QUATRE PUNAISES AU CLUB;;9.91;9.41;HUMOUR;6051833;ALBIN MICHEL;9782226078315;HACHETTE;;;
BD000085;COLLECTIF;AMNESTY INTERNATIONAL;AMNESTY INTERNATIONAL AU SECOURS;;13.57;12.89;;6029409;ALBIN MICHEL;9782226065483;HACHETTE;;;
BD000086;COLLECTIF;;VIVE LE FOOT;;11.89;11.3;HUMOUR;239503;ALBIN MICHEL;9782226100832;HACHETTE;;;
BD000087;CREPAX;VENUS;VENUS A LA FOURRURE;;13.72;13.03;EROTIQUE;6000277;ALBIN MICHEL;9782226022776;HACHETTE;;;
BD000088;CREPAX;ANITA;ANITA 88;;14.48;13.76;EROTIQUE;6002109;ALBIN MICHEL;9782226031563;HACHETTE;;;
BD000089;CREPAX;ANITA;ANITA EN DIRECT;;11.43;10.86;EROTIQUE;6018923;ALBIN MICHEL;9782226034120;HACHETTE;;;
BD000090;CRUMB;;MES FEMMES;;14.48;13.76;HUMOUR;6020440;ALBIN MICHEL;9782226037312;HACHETTE;Rondes, géantes, pulpeuses, dotées d'attributs digne des Vénus préhistoriques et d'un appêtit littéralement dévorant, telles sont les femmes de CRUMB.;;
BD000091;CRUMB;;BELLE D'UN JOUR;;10.52;9.99;HUMOUR;6051213;ALBIN MICHEL;9782226037428;HACHETTE;Anciens babas, nouveaux paumés, mais tous reconvertis à l'arrivisme et au yuppisme triomphant. Voici le monde de Belle, dont elle est le centre et le plus beau fleuron. Tout est bon pour Belle pour se faire valoir dans la course à la réussite sociale.;;
BD000092;DAVIS;TALES FROM THE CRYPT;PLUS MORTS QUE VIVANTS - T1;;8.99;8.54;FANTASTIQUE;6052591;ALBIN MICHEL;9782226107961;HACHETTE;;;
BD000093;DAVIS;TALES FROM THE CRYPT;QUI A PEUR DU GRAND MECHANT LOUP - T2;;8.99;8.54;FANTASTIQUE;6052534;ALBIN MICHEL;9782226107978;HACHETTE;;;
BD000094;DENIS;;L'OMBRE AUX TABLEAUX;;10.52;9.99;AVENTURE;6051338;ALBIN MICHEL;9782226051608;HACHETTE;;;
BD000095;DENIS;BONBON PIMENT;BONBON PIMENT;;12.04;11.44;AVENTURE;6024178;ALBIN MICHEL;9782226055590;HACHETTE;;;
BD000096;DENIS;LE PELICAN;LE PELICAN;;10.52;9.99;AVENTURE;6051692;ALBIN MICHEL;9782226074652;HACHETTE;;;
BD000097;DENIS;DROLES D'OISIFS;DROLES D'OISIFS;;9.91;9.41;AVENTURE;6051866;ALBIN MICHEL;9782226078704;HACHETTE;;;
BD000098;DENIS;ANDRE LE CORBEAU;ANIMAL LES AVENTURES D'ANDRE LE CORBEAU;;18.29;17.6;AVENTURE;6052195;ALBIN MICHEL;9782226094704;HACHETTE;;;
BD000099;DENIS;;LES SEPT PECHES CAPITAUX;;11.89;11.3;AVENTURE;6052328;ALBIN MICHEL;9782226100504;HACHETTE;;;
BD000100;DIMITRI;KALEUNT;KALEUNT;;8.69;8.26;AVENTURE;6051064;ALBIN MICHEL;9782226031723;HACHETTE;;;
BD000101;DIMITRI;RASPOUTITSA;RASPOUTITSA;;10.52;9.99;AVENTURE;6020333;ALBIN MICHEL;9782226037305;HACHETTE;;;
BD000102;DIMITRI;LE GOULAG;LES ZOMES - T3;;9.91;9.41;HUMOUR;6002117;ALBIN MICHEL;9782226020550;HACHETTE;;;
BD000103;DIMITRI;LE GOULAG;LES POURRIS - T5;;8.99;8.54;HUMOUR;6003222;ALBIN MICHEL;9782226016461;HACHETTE;;;
BD000104;DIMITRI;LE GOULAG;LE MATCH DU SIECLE - T6;;8.99;8.54;HUMOUR;6005029;ALBIN MICHEL;9782226021304;HACHETTE;;;
BD000105;DIMITRI;LE GOULAG;TOVARITCH SOURIRE - T9;;9.91;9.41;HUMOUR;6019095;ALBIN MICHEL;9782226035585;HACHETTE;;;
BD000106;DIMITRI;LE GOULAG;LA BELLE - T10;;10.52;9.99;HUMOUR;6022222;ALBIN MICHEL;9782226048806;HACHETTE;;;
BD000107;DIMITRI;LE GOULAG;EXOCET NOUS VOILA - T11;;10.52;9.99;HUMOUR;6024186;ALBIN MICHEL;9782226055613;HACHETTE;;;
BD000108;DIMITRI;LE GOULAG;HALTE A LA VISCERE - T12;;10.52;9.99;HUMOUR;6026165;ALBIN MICHEL;9782226059932;HACHETTE;;;
BD000109;DODO / BEN RADIS;GOMINA;GOMINA LE POINT DU JOUR;;7.93;7.1;HUMOUR;6051023;ALBIN MICHEL;9782226029768;HACHETTE;;;
BD000110;DODO / BEN RADIS;MAX ET NINA;Y A DE L'AMOUR;;11.89;11.3;HUMOUR;6052211;ALBIN MICHEL;9782226095336;HACHETTE;;;
BD000111;DRUILLET;SALAMMBO;SALAMMBO L'INTEGRALE;;28.97;27.52;AVENTURE;6051999;ALBIN MICHEL;9782226106407;HACHETTE;;;
BD000112;FLOC'H / FROMENTAL;;JAMAIS DEUX SANS TROIS;;10.52;9.99;AVENTURE;6051346;ALBIN MICHEL;9782226052889;HACHETTE;;;
BD000113;FLOC'H / RIVIERE;BLITZ;BLITZ - T1;;11.89;11.3;AVENTURE;6037691;ALBIN MICHEL;9782226088680;HACHETTE;;;
BD000114;FLOC'H / RIVIERE;BLITZ;UNDERGROUND - T2;;11.89;11.3;AVENTURE;6052021;ALBIN MICHEL;9782226088482;HACHETTE;;;
BD000115;FREMOND;LES CELIBATAIRES;LES CELIBATAIRES;;12.04;11.44;HUMOUR;6023956;ALBIN MICHEL;9782226053824;HACHETTE;;;
BD000116;GIBRAT / LEROI;PINOCCHIA;PINOCCHIA;;11.43;10.86;EROTIQUE;6051890;ALBIN MICHEL;9782226080028;HACHETTE;Et si Pinocchio était une fille ? Et si la poupée de bois prenait corps ? Et quel corps ! Et si elle n'était pas si innocente que ça ? Et si ça devenait un nouveau conte de fées, mais pour adultes avertis, cette fois-ci ?...;;
BD000117;GILLON;JEHANNE;LA SEVE ET LE SANG;;10.52;9.99;AVENTURE;6051668;ALBIN MICHEL;9782226065766;HACHETTE;;;
BD000118;GILLON;JEHANNE;JEHANNE LA PUCELLE;;18.29;17.36;AVENTURE;6052138;ALBIN MICHEL;9782226094162;HACHETTE;Il était une fois, ce jour de juin 1426 en royaume de France, une bergère, Jehanne, rêveuse fière et hardie. Adaptation libre de la légende de cette héroïne nationale.;;
BD000119;GILLON;LA SURVIVANTE;LA SURVIVANTE - T1;;8.99;8.54;AVENTURE;6050926;ALBIN MICHEL;9782226022929;HACHETTE;;;
BD000120;GILLON;LA SURVIVANTE;L'ULTIMATUM - T4;;8.99;8.54;AVENTURE;6051379;ALBIN MICHEL;9782226055644;HACHETTE;La Terre est ravagée par l'Apocalypse. Seuls survivent Aude, son fils Jonas et des robots sadiques, prêts à tout pour extirper des derniers humains le condensé de leurs sensations les plus profondes. Avec l'Ultimatum, quatrième et dernier volume de cette fresque post-atomique, Paul GILLON achève sa parabole sur la déshumanisation de notre monde.;;
BD000121;GILLON;LA SURVIVANTE;LA SURVIVANTE - INTEGRALE;;28.97;27.52;AVENTURE;6051916;ALBIN MICHEL;9782226080035;HACHETTE;Elle a survécu à l' Apocalypse. Dans un monde que la vie a quitté, elle est seule. Seule avec les robots. Elle est LA SURVIVANTE !... Réservé aux Adultes Avertis !;;
BD000122;GUIBERT;BRUNE;BRUNE;;11.43;10.86;AVENTURE;6051502;ALBIN MICHEL;9782226059987;HACHETTE;;;
BD000123;JANO;GAZOLINE;GAZOLINE ET LA PLANETE ROUGE;;7.93;7.53;HUMOUR;122954;ALBIN MICHEL;9782226037251;HACHETTE;;;
BD000124;JANO;KEMI;KEMI LE RAT DE BROUSSE;;8.69;8.26;HUMOUR;6051718;ALBIN MICHEL;9782226075154;HACHETTE;;;
BD000125;JANO;;PANAME;;14.94;14.19;AVENTURE;6052146;ALBIN MICHEL;9782226093455;HACHETTE;;;
BD000126;JANO;SANTA SARDHINA;LES FABULEUSES DERIVES DE LA SANTA SARDHINA;;11.89;11.3;AVENTURE;6055156;ALBIN MICHEL;9782226107510;HACHETTE;;;
BD000127;JANO / TRAMBER;KEBRA;KEBRA KRADO KOMIX;;6.4;6.08;HUMOUR;6005888;ALBIN MICHEL;9782226022806;HACHETTE;;;
BD000128;JANO / TRAMBER;KEBRA;LES AVENTURES DE KEBRA;;22.71;21.58;HUMOUR;6052088;ALBIN MICHEL;9782226092533;HACHETTE;;;
BD000129;KURTZMAN;;LE LIVRE DE LA JUNGLE;;18.29;17.6;AVENTURE;6052054;ALBIN MICHEL;9782226089021;HACHETTE;;;
BD000130;LEVIS / LEROI;;LES PERLES DE L'AMOUR;;8.69;8.38;AVENTURE;6050892;ALBIN MICHEL;9782226022790;HACHETTE;Romance sous le ciel brûlant des Indes, la rencontre en pleine jungle de Rudyard Kipling et du Marquis de Sade.;;
BD000131;LEVIS / LEROI;;A CORPS PERDU;;9.91;9.41;AVENTURE;124904;ALBIN MICHEL;9782226039781;HACHETTE;;;
BD000132;LEROI / ROMANINI;DODO;DODO LA PETITE PENSIONNAIRE;;12.04;12.04;AVENTURE;6023311;ALBIN MICHEL;9782226053213;HACHETTE;Paris 1946. Marthe Richard fait voter la fermeture des maisons closes. Que vont devenir les pensionnaires du 27 et la charmante Dodo ?;;
BD000133;LE TENDRE / ROSSI;LES ERRANCES DE JULIUS ANTOINE;LEA - T1;;8.69;8.26;AVENTURE;6050918;ALBIN MICHEL;9782226022882;HACHETTE;;;
BD000134;LE TENDRE / ROSSI;LES ERRANCES DE JULIUS ANTOINE;LA MAISON - T2;;8.69;8.26;AVENTURE;6051015;ALBIN MICHEL;9782226027351;HACHETTE;;;
BD000135;LE TENDRE / ROSSI;LES ERRANCES DE JULIUS ANTOINE;LE SUJET - T3;;8.99;8.54;AVENTURE;6051163;ALBIN MICHEL;9782226037244;HACHETTE;;;
BD000136;LIBERATORE;LES FEMMES;LES FEMMES DE LIBERATORE;;21.19;20.13;EROTIQUE;6052203;ALBIN MICHEL;9782226095329;HACHETTE;;;
BD000137;LIBERATORE / TAMBURINI;RANXEROX;RANXEROX A NEW YORK - T1;;11.89;11.3;HUMOUR;6037675;ALBIN MICHEL;9782226088697;HACHETTE;;;
BD000138;LIBERATORE / TAMBURINI;RANXEROX;BON ANNIVERSAIRE LUBNA - T2;;11.89;11.3;HUMOUR;6037683;ALBIN MICHEL;9782226088703;HACHETTE;;;
BD000139;LIBERATORE / CHABAT;RANXEROX;AMEN - T3;;11.89;11.3;HUMOUR;6052013;ALBIN MICHEL;9782226087973;HACHETTE;;;
BD000140;LIBERATORE / TAMBURINI;RANXEROX;RANXEROX LA TOTALE;;18.29;17.6;HUMOUR;6026173;ALBIN MICHEL;9782226059925;HACHETTE;;;
BD000141;LOUP;;LES INTERDITS DE LOUP;;14.94;14.19;HUMOUR;6051452;ALBIN MICHEL;9782226056863;HACHETTE;;;
BD000142;LOUSTAL / FROMENTAL;;MEMOIRES AVEC DAMES PAR MOREL COX;;9.91;9.41;AVENTURE;6051122;ALBIN MICHEL;9782226035578;HACHETTE;;;
BD000143;MAGNUS;LES 110 PILULES;LA FLEUR DU LOTUS - T2;;8.99;8.54;EROTIQUE;6050942;ALBIN MICHEL;9782226025722;HACHETTE;Les 110 pilules c'est 110 allers simple pour l'extase. Mais attention à ne pas dépasser la dose prescrite...;;
BD000144;MAGNUS;;FEMMES ENVOUTEES;;8.99;8.54;EROTIQUE;6051247;ALBIN MICHEL;9782226039750;HACHETTE;;;
BD000145;CHAUVEL / LECURELEY;ARTHUR;ARTHUR LE COMBATTANT;;12.04;11.44;;;DELCOURT;;FLAMMARION;An 500. Le royaume de Bretagne est assailli de toutes parts par des peuples ennemis. Alors apparaît un étrange enfant nommé Myrrdin, doué de facultés divinatoires stupéfiantes. Et après lui, un guerrier sans égal : Arthur. Son épopée nous est racontée dans son intégralité, en une série fleuve qui prend sa source à la légende originelle... Un mythe incomparable restitué dans toute sa splendeur.;;
BD000146;MAZAN;PHILIBERT;DANS L'COCHON TOUT EST BON;;12.04;11.44;;;DELCOURT;;FLAMMARION;Philibert est un gentil garçon qui évolue dans une société obsédée par la bouffe et étouffée par la pollution. Sur une magnifique plage, où la température de l'eau est maintenue par l'usine voisine, le jeune homme rencontre Léa, jolie anorexique qui bronze un masque à gaz sur le visage. Elle disparaît quelques jours plus tard, laissant le pauvre garçon désemparé. Les retrouvailles auront lieu sur le lieu de travail de Philibert : la morgue.;;
BD000147;MANARA;LE PARFUM DE L'INVISIBLE;LE PARFUM DE L'INVISIBLE - T1;;12.04;11.44;EROTIQUE;6050959;ALBIN MICHEL;9782226027283;HACHETTE;Un professeur de physique honnête et naïf, a mis au point une pommade qui lui permet de se rendre invisible. Il veut ainsi épier Béatrice, une jeune danseuse qu'il aime secrètement depuis son enfance. Miel (toujours aussi belle ), le découvre à moitié invisible dans sa chambre d'hôtel. Elle essaiera donc de le convaincre que Béatrice n'est pas celle qu'il croit, mais plutôt une diablesse prétentieuse.;;
BD000148;MANARA;LE PARFUM DE L'INVISIBLE;LE PARFUM DE L'INVISIBLE - T2;;10.52;9.99;EROTIQUE;6051874;ALBIN MICHEL;9782226078179;HACHETTE;;;
BD000149;MANARA;;COURTS METRAGES;;10.52;9.99;EROTIQUE;6017917;ALBIN MICHEL;9782226032904;HACHETTE;Plusieurs histoires (courts métrages) chaudes et délirantes de la même veine que l'album HP et Giuseppe Bergman.;;
BD000150;MANARA;;CANDIDE CAMERA;;8.99;8.54;EROTIQUE;6051239;ALBIN MICHEL;9782226039736;HACHETTE;Miel travaille pour une société de production télévisuelle qui veut monter une émission genre micro-trottoir coquin. Devant le fiasco de ce micro trottoir, Miel décide de passer devant la caméra. S'ensuivront alors une série de situations torrides ou Miel nous apparaîtra dans son plus simple apparat.;;
BD000151;MANARA;;LES FEMMES DE MANARA;;30.18;28.68;EROTIQUE;6051908;ALBIN MICHEL;9782226079992;HACHETTE;Les filles de MANARA ne sont pareilles que dans la perfection. Elles semblent si lisses à première vue que l'oeil qui glisse les confond. Il faut prendre le temps de les détailler. S'y attarder. C'est dans l'étirement d'un regard. Dans la fossette d'une croupe. Dans le tombé d'une crinière ou le déboîtement d'une hanche. Un détail les distingue, toujours, comme une broutille les habille. Les filles de MANARA ne sont pas des perles de culture. Ce sont des perles sauvages. Toutes somptueuses, voluptueuses, toutes différentes. Regardez-les. Prenez le temps de les détailler, de les déchiffrer. Chacune a son histoire.;;
BD000152;MANARA;;RENDEZ VOUS FATAL;;10.52;9.99;EROTIQUE;6052039;ALBIN MICHEL;9782226088499;HACHETTE;Valéria est mariée à un jeune homme naïf, qui essaie de percer dans le monde politique. Mais son jeune politicien de mari doit de l'argent, beaucoup d'argent à des personnes pas très fréquentables. C'est ainsi qu'elle va se retrouver nez-à-nez avec une bande de mafieux. Alors commenceront les remboursements en nature. Ou qu'elle aille, Ursus sera toujours là pour la détrousser un peu plus...;;
BD000153;MANARA;;KAMA SUTRA;;14.94;14.19;EROTIQUE;6052187;ALBIN MICHEL;;HACHETTE;Cette récente production de Manara met en scène Parva et. Lulu, deux jeunes filles pas farouches. C'est par hasard que Parva met la main sur une ceinture magique qui va libérer l'esprit de Shiva, créature mythique qui s'incamera en jeune éphèbe à la pleine lune d'août à condition que Lulu triomphe de nombreuses épreuves dans lesquelles elle devra user de tous ses talents. Si elle triomphe, elles seront alors libérées et Parva pourra rejoindre Shiva. Une fois de plus MANARA nous transporte dans un univers très sensuel grâce à son trait toujours aussi suggestif . De plus cet album couleur est l'occasion pour l'artiste de s'essayer aux nouvelles technologies par l'emploi d'incrustations et de montages d'images numériques et de dessins. Miel travaille pour une société de production télévisuelle qui veut monter une émission genre micro trottoir coquin. Devant le fiasco de ce micro trottoir, Miel décide de passer devant la caméra. S'ensuivront alors une série de situations torrides ou Miel nous apparditra dans son;;
BD000154;MANARA;;LE PIEGE;;12.04;11.44;EROTIQUE;6052435;ALBIN MICHEL;9782226106308;HACHETTE;Deux jeunes nymphettes chauffent le Web en s'exhibant devant une web caméra. Mais quand une invité surprise débarque et se met à jouer avec la caméra, qui sait ce qu'il peut arriver lorsque son ex la voit ainsi sur le web. Une histoire coquine, prétexte à des scènes très dénudées sous le trait sensuel de MANARA.;;
BD000155;MANARA;;LA BETE;;12.04;12.04;EROTIQUE;F741;LA MUSARDINE;;MUSARDINE;Parue en 1976 sous le titre Le Singe, cette oeuvre de jeunesse adapte très librement une légende chinoise du XVème siècle. A cette base, MANARA et son scénariste, Silviero PISU, ajoutent leurs propres ingrédients politiques, philosophiques et bien sûr érotiques. Une histoire étrange sur la quête du pouvoir, un pays imaginaire en orient, un singe ambitieux : LA BETE. Une fois de plus MANARA nous étonne.;;
BD000156;HAGIWARA;BASTARD;LES LOIS IMMORALES 1 ERE PARTIE - T19;;6.4;6.08;MANGA;7364540;GLENAT;;HACHETTE;Dark Schneider est le plus puissant sorcier des Forces du Mal, mais un sortilège l'a transformé en un inoffensif gamin. Seul le baiser d'une jeune fille peut lui rendre ses pouvoirs et l'obliger à défendre le royaume de Metalicana. Inspiré par les jeux de rôles, Bastard, c'est toute la richesse de l'heroïc fantasy japonaise pleine d'humour et de dérision. Projeté dans les enfers, Dark Schneider est confronté à Satan lui-même. Mais ses pouvoirs ne sont rien comparés à ceux des démons. Pourtant, ces derniers ont besoin de lui. Pourquoi ? Serait-il un élément clef qui permettrait au Prince des Ténèbres de renverser Dieu et de régner sur l'univers ?;;
BD000157;MANARA;LE DECLIC;LE DECLIC - T2;;12.04;11.44;EROTIQUE;6051387;ALBIN MICHEL;9782226055637;HACHETTE;;;
BD000158;MANARA;LE DECLIC;LE DECLIC - T3;;12.04;11.44;EROTIQUE;6051700;ALBIN MICHEL;9782226075017;HACHETTE;;;
BD000159;MANARA;LE DECLIC;LE DECLIC INTEGRALE;;25.76;24.48;EROTIQUE;6052047;ALBIN MICHEL;9782226088628;HACHETTE;Claudia Christiani est une jeune femme de bonne famille mariée à un homme âgé mais riche. C'est le médecin de famille, le docteur Fez, qui va déchaîner les pulsions de Claudia grâce à une mystérieuse télécommande dérobée au professeur Kranz. La jeune femme est alors intenable et s'offre à tous les hommes qu'elle croise, sur une simple commande du docteur Fez. Jusqu'au jour ou l'on découvre que la télécommande n'est en fait qu'une boîte vide ! Ce sont donc 3 albums qui sont réunis dans cette intégrale dans lequelle on pourra apprécier la belle Claudia. Cette BD a eu un tel succès qu'elle fut adaptée au cinéma en 1985.;;
BD000160;MARCELLO / OLLIVIER;;LA NUIT BARBARE;;8.69;8.26;;6051080;ALBIN MICHEL;9782226032898;HACHETTE;;;
BD000161;MARGERIN;;Y A PLUS DE JEUNESSE;;8.69;8.26;HUMOUR;6051148;ALBIN MICHEL;9782226035752;HACHETTE;;;
BD000162;MATTIOLI;SQUEAK THE MOUSE;SQUEAK THE MOUSE - T2;;9.91;9.41;HUMOUR;6051494;ALBIN MICHEL;9782226059239;HACHETTE;;;
BD000163;MATTOTTI;;POUR VANITY;;27.44;26.07;;6015630;ALBIN MICHEL;9782226029775;HACHETTE;;;
BD000164;MIGNOLA / MC EOWN;ZOMBIES;ZOMBIES LE MAITRE DES VERS;;12.04;11.44;;6052443;ALBIN MICHEL;9782226106315;HACHETTE;;;
BD000165;MORCHOISNE;MONSTRES SACRES;MONSTRES SACRES;;14.94;14.19;;6037667;ALBIN MICHEL;9782226088468;HACHETTE;;;
BD000166;PETILLON;;LE CHIEN DES BASKETVILLE;;8.69;8.26;HUMOUR;6005136;ALBIN MICHEL;9782226020734;HACHETTE;;;
BD000167;PETILLON;;LA FIN DU MONDE EST POUR CE SOIR;;8.99;8.54;HUMOUR;6005730;ALBIN MICHEL;9782226025630;HACHETTE;;;
BD000168;PETILLON;;L'ANNEE DU TAG;;8.99;8.54;HUMOUR;6051361;ALBIN MICHEL;9782226053817;HACHETTE;;;
BD000169;PETILLON;;BIENVENUE AUX TERRIENS;;7.93;7.53;HUMOUR;6026314;ALBIN MICHEL;9782226061119;HACHETTE;;;
BD000170;PETILLON;;LA CONJONCTURE EST GENERALE;;8.99;8.54;HUMOUR;6026579;ALBIN MICHEL;9782226060068;HACHETTE;;;
BD000171;PETILLON;;EN PLEIN DANS LE POTAGE;;13.57;12.89;HUMOUR;6051775;ALBIN MICHEL;9782226076885;HACHETTE;;;
BD000172;PETILLON;;C'EST L'EPOQUE QUI VEUT CA;;12.04;11.44;HUMOUR;6052385;ALBIN MICHEL;9782226105035;HACHETTE;;;
BD000173;PETILLON;JACK PALMER;UNE SACREE SALADE - T1;;7.93;7.53;HUMOUR;6003479;ALBIN MICHEL;9782226017253;HACHETTE;;;
BD000174;PETILLON;JACK PALMER;MISTER PALMER ET DOCTEUR SUPERMARKETSTEIN - T2;;8.69;8.26;HUMOUR;6002257;ALBIN MICHEL;9782226017277;HACHETTE;;;
BD000175;PETILLON;JACK PALMER;LA DENT CREUSE - T3;;8.69;8.26;HUMOUR;6003610;ALBIN MICHEL;9782226017260;HACHETTE;;;
BD000176;PETILLON;JACK PALMER;LES DISPARUS D'APOSTROPHES - T4;;7.93;7.53;HUMOUR;6026322;ALBIN MICHEL;9782226061126;HACHETTE;;;
BD000177;PETILLON;JACK PALMER;LE CHANTEUR DE MEXICO - T5;;7.93;7.53;HUMOUR;6026330;ALBIN MICHEL;9782226061133;HACHETTE;;;
BD000178;PETILLON;JACK PALMER;LE PRINCE DE LA BD - T6;;7.93;7.53;HUMOUR;6026355;ALBIN MICHEL;9782226061157;HACHETTE;;;
BD000179;PETILLON;JACK PALMER;LE PEKINOIS - T7;;7.93;7.53;HUMOUR;6026348;ALBIN MICHEL;9782226061140;HACHETTE;;;
BD000180;PETILLON;JACK PALMER;UN DETECTIVE DANS LE YUCCA - T8;;10.52;9.99;HUMOUR;6051130;ALBIN MICHEL;9782226035639;HACHETTE;;;
BD000181;PETILLON;JACK PALMER;NARCO DOLLARS - T9;;10.52;9.99;HUMOUR;6051254;ALBIN MICHEL;9782226039774;HACHETTE;;;
BD000182;PETILLON;JACK PALMER;UN PRIVE DANS LA NUIT - T10;;10.52;9.99;HUMOUR;6051577;ALBIN MICHEL;9782226063670;HACHETTE;;;
BD000183;PETILLON;JACK PALMER;LE TOP MODEL - T11;;11.43;10.86;HUMOUR;6051858;ALBIN MICHEL;9782226076854;HACHETTE;;;
BD000184;PETILLON;JACK PALMER;LE MEILLEUR ET LE PIRE DE JACK PALMER;;10.52;9.99;HUMOUR;6054936;ALBIN MICHEL;9782226109132;HACHETTE;;;
BD000185;YOANN / FERLUT;ETHER GLISTER;CATHARZIE - T1;;12.04;11.44;SCIENCE FICTION;;DELCOURT;;FLAMMARION;Suite à l'arrivée de colonies terriennes, la charmante planète Ether est devenue le lieu de nombreux conflits. Après d'apocalyptiques guerres, il ne reste plus qu'une atmosphère viciée et quelques survivants partagés en deux camps. Mais voilà qu'un professeur a mis au point un gaz curatif qui pourrait sauver la planète. C'est sa femme, Ether Glister, qui se rend sur place avec le fameux produit. A la veille de la grande réunification, chacun tente de retirer une épingle dans le jeu du nouvel échiquier qui se dessine, alors que les rues et places de la planète Ether se couvrent de gens qui aspirent à une vie nouvelle. Dans un tel contexte, le voyage d'Ether Glister est semé d'embûches et d'interrogations. Qu'est-il arrivé à son mari, le professeur, et qu'a-t-il mis au point exactement ? Quel avenir se dessine pour la planète Ether ? Autant demander qui est réellement Ether Glister. Ou ce qu'elle a été ?;;
BD000186;KERFRIDEN / CHAUVEL;WADE MANTLE;QUATERBACK - T1;;12.04;11.44;THRILLER;;DELCOURT;;FLAMMARION;Manhattan, aux alentours de midi. Wade Mantle, célèbre joueur de football de l'équipe de Beavers, qui se rend à un rendez-vous avec le journaliste sportif Stephen Herek, est assassiné dans un parking souterrain. Peter Wadko, agent du FBI, est chargé de l'enquête. La télévision a tôt fait de relayer la nouvelle de la mort de Mantle. Deux personnes écoutant ces informations sont prises de panique : Red Greenberg, un des équipiers de Mantle, et Ralph Aparicio, le coach des Beavers. Red prend la fuite. Tout au long des 5 tomes que compte la série, le personnage central est l'agent du FBI, Peter Wadko. D'une banale enquête de meurtre, ce dernier passe à une affaire de grande envergure. Trois toiles de fond tissent cette série : tout d'abord une compétition intense entre le FBI et la CIA autour du meurtre, ensuite une intrigue de fond autour du mystère Vaughan (mafia russe, manipulations génétiques) et enfin, en toile de fond, viendront s'inscrire les vies de quatre joueurs de football américain.;;
BD000187;PICHARD / DUBOS;CAROLINE CHOLERA;CAROLINE CHOLERA;;7.93;7.53;EROTIQUE;6001515;ALBIN MICHEL;9782226014559;HACHETTE;;;
BD000188;PRADO;;VENIN DE FEMMES;;12.04;11.44;EROTIQUE;6051742;ALBIN MICHEL;9782226075635;HACHETTE;;;
BD000189;REISER;;LES COPINES;;12.04;11.44;HUMOUR;6002133;ALBIN MICHEL;9782226013415;HACHETTE;;;
BD000190;REISER;;ILS SONT MOCHES;;10.52;9.99;HUMOUR;6002141;ALBIN MICHEL;9782226013675;HACHETTE;;;
BD000191;REISER;;MON PAPA;;10.52;9.99;HUMOUR;6002158;ALBIN MICHEL;9782226013682;HACHETTE;;;
BD000192;REISER;;ON VIT UNE EPOQUE FORMIDABLE;;10.52;9.99;HUMOUR;6002166;ALBIN MICHEL;9782226013712;HACHETTE;;;
BD000193;REISER;;LA VIE DES BETES;;12.04;11.44;HUMOUR;6002190;ALBIN MICHEL;9782226013705;HACHETTE;;;
BD000194;REISER;LA VIE AU GRAND AIR;LA VIE AU GRAND AIR - T1;;10.52;9.99;HUMOUR;6002182;ALBIN MICHEL;9782226013699;HACHETTE;;;
BD000195;REISER;LA VIE AU GRAND AIR;LA VIE AU GRAND AIR - T2;;10.52;9.99;HUMOUR;6036834;ALBIN MICHEL;9782226087683;HACHETTE;;;
BD000196;REISER;LA VIE AU GRAND AIR;LA VIE AU GRAND AIR - T3;;10.52;9.99;HUMOUR;6037956;ALBIN MICHEL;9782226092960;HACHETTE;;;
BD000197;REISER;;VIVE LES FEMMES;;10.52;9.99;HUMOUR;6002208;ALBIN MICHEL;9782226013729;HACHETTE;;;
BD000198;REISER;;VIVE LES VACANCES;;10.52;9.99;HUMOUR;6002216;ALBIN MICHEL;9782226013736;HACHETTE;;;
BD000199;REISER;;GROS DEGUEULASSE;;10.52;9.99;HUMOUR;6003123;ALBIN MICHEL;9782226015266;HACHETTE;;;
BD000200;REISER;;FOUS D'AMOUR;;12.04;11.44;HUMOUR;6004022;ALBIN MICHEL;9782226012661;HACHETTE;;;
BD000201;REISER;;JEANINE;;10.52;9.99;HUMOUR;6017081;ALBIN MICHEL;9782226029782;HACHETTE;;;
BD000202;REISER;;LA FAMILLE OBOULOT EN VACANCES;;10.52;9.99;HUMOUR;6051155;ALBIN MICHEL;9782226035769;HACHETTE;;;
BD000203;REISER;;LES OREILLES ROUGES;;8.99;8.54;HUMOUR;6051437;ALBIN MICHEL;9782226056801;HACHETTE;;;
BD000204;REISER;;TAM TAM;;13.57;12.89;HUMOUR;6027940;ALBIN MICHEL;9782226063823;HACHETTE;;;
BD000205;REISER;;DESSINS COCHONS;;19.82;18.83;HUMOUR;6052310;ALBIN MICHEL;9782226099945;HACHETTE;;;
BD000206;REISER;LES ANNEES REISER;ON EST PASSE A COTE DU BONHEUR (1974);;13.57;12.89;HUMOUR;6031686;ALBIN MICHEL;9782226075895;HACHETTE;;;
BD000207;REISER;LES ANNEES REISER;SONT PAS PLUS FORTS QUE NOUS (1975);;14.94;14.19;HUMOUR;6032809;ALBIN MICHEL;9782226077745;HACHETTE;;;
BD000208;REISER;LES ANNEES REISER;A BAS TOUT (1976);;14.94;14.19;HUMOUR;6034532;ALBIN MICHEL;9782226079985;HACHETTE;;;
BD000209;REISER;LES ANNEES REISER;VOTEZ PRINTEMPS (1977);;14.94;14.19;HUMOUR;6035521;ALBIN MICHEL;9782226085054;HACHETTE;;;
BD000210;REISER;LES ANNEES REISER;C'EST BEAU UNE FEMME (1978);;14.94;14.19;HUMOUR;6037196;ALBIN MICHEL;9782226085184;HACHETTE;;;
BD000211;REISER;LES ANNEES REISER;PLAGE PRIVEE (1979);;14.94;14.19;HUMOUR;6040067;ALBIN MICHEL;9782226094148;HACHETTE;;;
BD000212;REISER;LES ANNEES REISER;LA RUEE VERS RIEN (1980);;14.94;14.19;HUMOUR;6043905;ALBIN MICHEL;9782226105509;HACHETTE;;;
BD000213;REISER / COLUCHE;;Y EN AURA POUR TOUT LE MONDE;;12.04;11.44;HUMOUR;6022693;ALBIN MICHEL;9782226051547;HACHETTE;;;
BD000214;REMY;;SADO MASO CHIC;;27.44;26.07;EROTIQUE;6034540;ALBIN MICHEL;9782226080004;HACHETTE;;;
BD000215;RISSO / TRILLO;;VIDEO NOIRE;;13.57;12.89;;6052518;ALBIN MICHEL;9782226106865;HACHETTE;;;
BD000216;RODRIGUE / BRUNEL;GUIDES EN BD;MANUEL DE SURVIE A L'USAGE DES BRICOLEURS;;8.99;8.54;HUMOUR;6052401;ALBIN MICHEL;9782226105059;HACHETTE;;;
BD000217;RODRIGUE / BRUNEL;GUIDES EN BD;LE MANUEL DU PARFAIT JARDINIER;;8.99;8.54;HUMOUR;6052575;ALBIN MICHEL;9782226107473;HACHETTE;;;
BD000218;RODRIGUE / BRUNEL;GUIDES EN BD;LE MANUEL DU PARFAIT CAMPEUR;;8.99;8.54;HUMOUR;6054928;ALBIN MICHEL;9782226107503;HACHETTE;;;
BD000219;VON GOTHA / JOUBERT;JANICE;LES CARNETS SECRETS DE JANICE;;12.96;12.96;EROTIQUE;5775176;LA MUSARDINE;;HACHETTE;Pour ce recueil, VON GOTHA a réalisé une cinquantaine de peintures et illustrations inspirées de ses Malheurs de Janice. En grand format, il a pu donner libre cours à son talent et à sa formation d'artistes classique. Jamais Janice n'avait été si belle et si convoîtée par les hommes, et Bernard JOUBERT a donné à cet album sa touche finale, avec des textes dans la lignée du marquis de Sade. - Album relié - 24x32 - 56 pages couleurs;;
BD000220;ROTUNDO / MIGNACCO;;PAS DE PITIE POUR LE PRIVE;;6.4;6.08;AVENTURE;113997;ALBIN MICHEL;9782226022875;HACHETTE;;;
BD000221;ROTUNDO / VOLINE;;LA PEAU DE CHAGRIN;;11.89;11.3;EROTIQUE;6052302;ALBIN MICHEL;9782226095343;HACHETTE;Surtout n'y touchez pas ! Elle donne vie à tous vos désirs en vous distillant la mort. Une transposition moderne et coquine du roman d'Honoré de Balzac.;;
BD000222;SCHLINGO;;VIVEMENT CE SOIR QU'ON SE COUCHE;;11.43;10.86;HUMOUR;6051288;ALBIN MICHEL;9782226039743;HACHETTE;;;
BD000223;SCHLINGO;;PATRON UNE CUITE S'IL VOUS PLAIT;;11.89;11.3;HUMOUR;6052252;ALBIN MICHEL;9782226095848;HACHETTE;;;
BD000224;SCHIMPP / LALIA;BELZAREK;AU NOM DU PERE - T1;;12.96;12.31;;605242;ALBIN MICHEL;9782226107428;HACHETTE;;;
BD000225;SCHULTEISS;LE THEOREME DE BELL;LE THEOREME DE BELL - T1;;8.69;8.26;FANTASTIQUE;6050967;ALBIN MICHEL;9782226022950;HACHETTE;;;
BD000226;SCHULTEISS;LE THEOREME DE BELL;LE CONTACT - T2;;8.69;8.26;FANTASTIQUE;6051056;ALBIN MICHEL;9782226032850;HACHETTE;;;
BD000227;SCHULTEISS;LE THEOREME DE BELL;LA SOLUTION - T3;;8.69;8.26;FANTASTIQUE;6051197;ALBIN MICHEL;9782226037367;HACHETTE;;;
BD000228;SERRES / WERBER;LES FOURMIS;LES FOURMIS - LA BD;;8.99;8.54;FANTASTIQUE;6051734;ALBIN MICHEL;9782226075628;HACHETTE;;;
BD000229;SIRE / DIONNET;;L'ILE DES AMAZONES ORCHID ISLAND;;14.94;14.19;AVENTURE;6052120;ALBIN MICHEL;9782226094155;HACHETTE;;;
BD000230;STAN / VINCE;;PUTAIN DE TELE;;10.52;9.99;HUMOUR;6051817;ALBIN MICHEL;9782226078186;HACHETTE;STAN et VINCE font exploser l'écran de vos stars préférées. Vous n'êtes pas près de changer de chaîne...;;
BD000231;TRAMBER;;LA GRANDE SOURIS NOIRE;;7.93;7.53;HUMOUR;6051098;ALBIN MICHEL;9782226031570;HACHETTE;;;
BD000232;TRAMBER;;PAS DE CADEAU A GROMAGO;;10.52;9.99;HUMOUR;6020614;ALBIN MICHEL;9782226037374;HACHETTE;;;
BD000233;TRAMBER;;RESTONS CALMES ET BUVONS FRAIS;;10.52;9.99;HUMOUR;6051585;ALBIN MICHEL;9782226063762;HACHETTE;;;
BD000234;TRAMBER / JOUIN;;LE SECRET DE PLEGASTEL;;10.52;9.99;THRILLER;6052104;ALBIN MICHEL;9782226093493;HACHETTE;;;
BD000235;TRAMBER / DAUTRIAT;;BZH BRETAGNE ZONE HEUREUSE;;14.94;14.19;HUMOUR;6052336;ALBIN MICHEL;9782226100498;HACHETTE;;;
BD000236;TRILLO / BERNET;BANG BANG;BANG BANG - T1;;12.04;11.44;;6052393;ALBIN MICHEL;9782226105042;HACHETTE;;;
BD000237;TRILLO / MANDRAFINA;LA GRANDE ARNAQUE;LA GRANDE ARNAQUE - T1;;14.94;14.19;AVENTURE;6052278;ALBIN MICHEL;9782226095947;HACHETTE;;;
BD000238;TRILLO / MANDRAFINA;LA GRANDE ARNAQUE;L'IGUANE - T2;;12.04;11.44;AVENTURE;6052492;ALBIN MICHEL;9782226106834;HACHETTE;;;
BD000239;TRILLO / MANDRAFINA;VIEILLES CANAILLES;L'ESPRIT DE FAMILLE - T1;;12.04;11.44;AVENTURE;6055172;ALBIN MICHEL;9782226108807;HACHETTE;;;
BD000240;TRONCHET;FAMILLE POISSART;AU BONHEUR DES DRAMES;;12.04;11.44;HUMOUR;6051684;ALBIN MICHEL;9782226074577;HACHETTE;;;
BD000241;TRONCHET;FAMILLE POISSART;LES ROIS DU RIRE;;12.04;11.44;HUMOUR;6051981;ALBIN MICHEL;9782226085160;HACHETTE;;;
BD000242;VARENNE;;CARRE NOIR SUR DAMES BLANCHES;;8.69;8.26;EROTIQUE;6004717;ALBIN MICHEL;9782226020208;HACHETTE;;;
BD000243;VARENNE;;EROTIC OPERA;;8.69;8.26;EROTIQUE;6050983;ALBIN MICHEL;9782226025739;HACHETTE;;;
BD000244;VARENNE;;AMOURS FOUS;;10.52;9.99;EROTIQUE;6051312;ALBIN MICHEL;9782226051561;HACHETTE;Alex VARENNE vous emmène dans ses fantasmes...;;
BD000245;GILLON;LES LEVIATHANS;LE PLAN ASPIC - T1;;10.52;9.99;;6055305;ALBIN MICHEL;9782226113740;HACHETTE;;;
BD000246;VARENNE;LOLA;LOLA;;10.52;9.99;EROTIQUE;6051619;ALBIN MICHEL;9782226065605;HACHETTE;Alex VARENNE vous emmène dans ses fantasmes...;;
BD000247;VARENNE;;LA CORRECTION;;19.82;18.83;EROTIQUE;207056;ALBIN MICHEL;9782226092803;HACHETTE;;;
BD000248;VARENNE;;CARLOTTA;;13.57;12.89;EROTIQUE;6052419;ALBIN MICHEL;9782226105066;HACHETTE;;;
BD000249;VARENNE;ERMA JAGUAR;ERMA JAGUAR - T1;;9.91;9.41;EROTIQUE;6051106;ALBIN MICHEL;9782226031594;HACHETTE;Madone des autoroutes, nouvelle Diane chasseresse, personne n'est à l'abri de cette séductrice errante...;;
BD000250;VARENNE;ERMA JAGUAR;LES NOCES D'ERMA - T2;;9.91;9.41;EROTIQUE;6051205;ALBIN MICHEL;9782226037404;HACHETTE;Celui qui épousera Erma n'est pas au bout de ses peines... Ni de ses surprises...;;
BD000251;VARENNE;ERMA JAGUAR;LES CAPRICES D'ERMA - T3;;10.52;9.99;EROTIQUE;6051445;ALBIN MICHEL;9782226056849;HACHETTE;Quand Erma réinvente le code amoureux...;;
BD000252;VARENNE / DANIEL;ARDEUR;ARDEUR - T1;;9.91;9.41;AVENTURE;6003313;ALBIN MICHEL;9782226017499;HACHETTE;Alex VARENNE vous emmène dans ses fantasmes...;;
BD000253;VARENNE / DANIEL;ARDEUR;WARSCHAU - T2;;9.91;9.41;AVENTURE;101359;ALBIN MICHEL;9782226011060;HACHETTE;Alex VARENNE vous emmène dans ses fantasmes...;;
BD000254;VARENNE / DANIEL;ARDEUR;LA GRANDE FUGUE - T3;;9.91;9.41;AVENTURE;101358;ALBIN MICHEL;9782226013088;HACHETTE;Alex VARENNE vous emmène dans ses fantasmes...;;
BD000255;VARENNE / DANIEL;ARDEUR;BERLIN STRASSE - T4;;7.93;7.1;AVENTURE;106552;ALBIN MICHEL;9782226016515;HACHETTE;Alex VARENNE vous emmène dans ses fantasmes...;;
BD000256;VARENNE / DANIEL;ARDEUR;IDA MAUZ - T5;;8.69;8.26;AVENTURE;108769;ALBIN MICHEL;9782226018724;HACHETTE;Alex VARENNE vous emmène dans ses fantasmes...;;
BD000257;VARENNE / DANIEL;ARDEUR;JACK LE VENGEUR - T6;;8.69;8.26;AVENTURE;116684;ALBIN MICHEL;9782226027320;HACHETTE;Alex VARENNE vous emmène dans ses fantasmes...;;
BD000258;VEYRON;;L'AMOUR PROPRE;;12.04;11.44;HUMOUR;6003818;ALBIN MICHEL;9782226018090;HACHETTE;;;
BD000259;VEYRON;;EXECUTIVE WOMAN;;12.04;11.44;HUMOUR;6050884;ALBIN MICHEL;9782226025852;HACHETTE;;;
BD000260;VEYRON;;VITE;;8.99;8.54;HUMOUR;6017214;ALBIN MICHEL;9782226031662;HACHETTE;;;
BD000261;VEYRON;;DONC JEAN;;10.52;9.99;HUMOUR;6051296;ALBIN MICHEL;9782226048783;HACHETTE;;;
BD000262;VEYRON;;JIVARA;;11.43;10.86;HUMOUR;6051486;ALBIN MICHEL;9782226059147;HACHETTE;;;
BD000263;VEYRON;;CRU BOURGEOIS;;12.04;11.44;HUMOUR;6052450;ALBIN MICHEL;9782226105547;HACHETTE;;;
BD000264;VEYRON;BERNARD LERMITE;BERNARD LERMITE - T1;;8.69;8.26;HUMOUR;6002265;ALBIN MICHEL;9782226014719;HACHETTE;;;
BD000265;VEYRON;BERNARD LERMITE;PLUS LOURD QUE L'AIR - T2;;8.69;8.26;HUMOUR;6013221;ALBIN MICHEL;9782226014726;HACHETTE;;;
BD000266;VEYRON;BERNARD LERMITE;PERSONNELLEMENT JE VEUX PAS D'ENFANTS - T3;;8.99;8.54;HUMOUR;6002273;ALBIN MICHEL;9782226014740;HACHETTE;;;
BD000267;VEYRON;BERNARD LERMITE;L'ETERNEL FEMININ DURE - T4;;8.99;8.54;HUMOUR;6013213;ALBIN MICHEL;9782226014733;HACHETTE;;;
BD000268;VEYRON;BERNARD LERMITE;CE N'EST PLUS LE PEUPLE QUI GRONDE MAIS LE PUBLIC QUI REAGIT - T5;;8.99;8.54;HUMOUR;6018709;ALBIN MICHEL;9782226032959;HACHETTE;;;
BD000269;VEYRON;BERNARD LERMITE;PEUT ON FUMER APRES LA MORT - T6;;8.99;8.54;HUMOUR;6051114;ALBIN MICHEL;9782226032942;HACHETTE;;;
BD000270;VEYRON;BERNARD LERMITE;LE PAGURE EST CONNU - TOME 7;;10.52;9.99;HUMOUR;6051551;ALBIN MICHEL;9782226061829;HACHETTE;;;
BD000271;VEYRON / ROCHETTE;EDMOND LE COCHON;EDMOND LE COCHON VA EN AFRIQUE;;6.86;6.52;HUMOUR;6002604;ALBIN MICHEL;9782226014757;HACHETTE;;;
BD000272;WOLINSKI / DE TURQUEIM;;BREVES SUCREES SALEES DE SALON DE THE;;12.04;11.44;HUMOUR;6056477;ALBIN MICHEL;9782226109439;HACHETTE;;;
BD000273;CAROLL / ROMANO;ALICE;LES AVENTURES D'ALICE AU PAYS DU MERVEILLEUX AILLEURS;;25.15;23.89;;5345129;AU BORD DES CONTINENTS;9782911684173;HACHETTE;;;
BD000274;VEYRON / ROCHETTE;EDMOND LE COCHON;LE MYSTERE CONTINENTAL;;8.99;8.54;HUMOUR;6051569;ALBIN MICHEL;9782226061898;HACHETTE;;;
BD000275;VOLINE / ROTUNDO;;PEAU DE CHAGRIN;;11.89;11.3;HUMOUR;225938;ALBIN MICHEL;9782226095343;HACHETTE;;;
BD000276;VUILLEMIN;;TRAGIQUES DESTINS;;8.99;8.54;HUMOUR;6005839;ALBIN MICHEL;9782226022820;HACHETTE;;;
BD000277;VUILLEMIN;;LE MEILLEUR DE MOI MEME;;14.48;13.76;HUMOUR;6018444;ALBIN MICHEL;9782226032928;HACHETTE;;;
BD000278;VUILLEMIN;;PLAISIR D'OFFRIR;;10.52;9.99;HUMOUR;6051262;ALBIN MICHEL;9782226039804;HACHETTE;;;
BD000279;VUILLEMIN;;LE MONDE MERVEILLEUX DE VUILLEMIN;;12.04;11.44;HUMOUR;6051841;ALBIN MICHEL;9782226078308;HACHETTE;;;
BD000280;VUILLEMIN;;TOUT EST DANS LE SOURIRE;;10.52;9.99;HUMOUR;6052096;ALBIN MICHEL;9782226093707;HACHETTE;;;
BD000281;VUILLEMIN;;LES CHEFS D'OEUVRE DE VUILLEMIN;;19.67;18.68;HUMOUR;6052229;ALBIN MICHEL;9782226095350;HACHETTE;;;
BD000282;VUILLEMIN;LES SALES BLAGUES DE L'ECHO;LES SALES BLAGUES DE L'ECHO - T1;;8.99;8.54;HUMOUR;6050991;ALBIN MICHEL;9782226027368;HACHETTE;;;
BD000283;VUILLEMIN;LES SALES BLAGUES DE L'ECHO;LES SALES BLAGUES DE L'ECHO - T2;;8.99;8.54;HUMOUR;6051189;ALBIN MICHEL;9782226037282;HACHETTE;;;
BD000284;VUILLEMIN;LES SALES BLAGUES DE L'ECHO;LES SALES BLAGUES DE L'ECHO - T3;;8.99;8.54;HUMOUR;6051320;ALBIN MICHEL;9782226051578;HACHETTE;;;
BD000285;VUILLEMIN;LES SALES BLAGUES DE L'ECHO;LES SALES BLAGUES DE L'ECHO - T4;;8.99;8.54;HUMOUR;6051536;ALBIN MICHEL;9782226061775;HACHETTE;;;
BD000286;VUILLEMIN;LES SALES BLAGUES DE L'ECHO;LES SALES BLAGUES DE L'ECHO - T5;;8.99;8.54;HUMOUR;6051783;ALBIN MICHEL;9782226077417;HACHETTE;;;
BD000287;VUILLEMIN;LES SALES BLAGUES DE L'ECHO;LES SALES BLAGUES DE L'ECHO - T6;;8.99;8.54;HUMOUR;6052005;ALBIN MICHEL;9782226088475;HACHETTE;;;
BD000288;VUILLEMIN;LES SALES BLAGUES DE L'ECHO;LES SALES BLAGUES DE L'ECHO - T7;;8.99;8.54;HUMOUR;6052351;ALBIN MICHEL;9782226104441;HACHETTE;;;
BD000289;VUILLEMIN / BERROYER;RAOUL TEIGNEUX;RAOUL TEIGNEUX CONTRE LES DRUZES;;8.99;8.54;HUMOUR;6018220;ALBIN MICHEL;9782226031617;HACHETTE;;;
BD000290;WERBER;EXIT;EXIT - T1;;8.99;8.54;HUMOUR;6052567;ALBIN MICHEL;9782226104519;HACHETTE;;;
BD000291;WILLEM;TOUT VA BIEN;TOUT VA BIEN 200 DESSINS SUPER POSITIFS;;14.94;14.19;HUMOUR;6038079;ALBIN MICHEL;9782226089014;HACHETTE;;;
BD000292;WOLINSKI;;LA BAGUE AU DOIGT;;9.91;9.41;HUMOUR;6001671;ALBIN MICHEL;9782226014344;HACHETTE;;;
BD000293;WOLINSKI;;LES SOCIALOS;;13.57;12.89;HUMOUR;6023535;ALBIN MICHEL;9782226053275;HACHETTE;;;
BD000294;WOLINSKI;;VOUS EN ETES ENCORE LA VOUS;;12.04;11.44;HUMOUR;6051510;ALBIN MICHEL;9782226060006;HACHETTE;;;
BD000295;WOLINSKI;;LE BAL DES RINGARDS;;14.48;13.76;HUMOUR;6051601;ALBIN MICHEL;9782226063755;HACHETTE;;;
BD000296;WOLINSKI;;DIS MOI QUE TU M'AIMES;;12.04;11.44;HUMOUR;;ALBIN MICHEL;;HACHETTE;;;
BD000297;WOLINSKI;SCOOPETTE;SCOOPETTE LA NYMPHO DE L'INFO;;10.52;9.99;HUMOUR;6052708;ALBIN MICHEL;9782226069108;HACHETTE;;;
BD000298;WOLINSKI;;ENFIN DES VRAIS HOMMES;;10.52;9.99;HUMOUR;6051726;ALBIN MICHEL;9782226075611;HACHETTE;;;
BD000299;WOLINSKI;;NOUS SOMMES EN TRAIN DE NOUS EN SORTIR;;12.04;11.44;HUMOUR;6051791;ALBIN MICHEL;9782226077424;HACHETTE;;;
BD000300;WOLINSKI;;IL N'Y A PLUS DE VALEURS;;10.52;9.99;HUMOUR;6051882;ALBIN MICHEL;9782226079480;HACHETTE;;;
BD000301;WOLINSKI;;SACRE MITTERAND;;13.57;12.89;HUMOUR;6035950;ALBIN MICHEL;9782226085962;HACHETTE;;;
BD000302;WOLINSKI;;CAUSE TOUJOURS;;13.57;12.89;HUMOUR;6052070;ALBIN MICHEL;9782226085047;HACHETTE;;;
BD000303;WOLINSKI;;FAIS MOI PLAISIR;;10.52;9.99;HUMOUR;6052153;ALBIN MICHEL;9782226094667;HACHETTE;;;
BD000304;WOLINSKI;MONSIEUR PAUL;MONSIEUR PAUL A CUBA;;10.52;9.99;HUMOUR;6052286;ALBIN MICHEL;9782226099532;HACHETTE;;;
BD000305;WOLINSKI;;TROP BEAU POUR ETRE VRAI;;10.52;9.99;HUMOUR;6052344;ALBIN MICHEL;9782226106285;HACHETTE;;;
BD000306;WOLINSKI;;SALES GOSSES;;12.04;11.44;HUMOUR;6052583;ALBIN MICHEL;9782226107435;HACHETTE;;;
BD000307;WOLINSKI / PICHARD;PAULETTE;TOUT PAULETTE;;29.73;28.24;HUMOUR;6052468;ALBIN MICHEL;9782226105561;HACHETTE;;;
BD000308;YANN / BODART;NICOTINE;NICOTINE GOUDRON - T1;;10.52;9.99;HUMOUR;127583;ALBIN MICHEL;9782226039835;HACHETTE;;;
BD000309;YANN / BODART;NICOTINE;L'INCURABLE NICOTINE - T2;;8.99;8.54;HUMOUR;131886;ALBIN MICHEL;9782226056764;HACHETTE;;;
BD000310;WETZ;SELEN;GIRLS GIRLS GIRLS - Rupture Editeur;;;;EROTIQUE;;VENTS D'OUEST;;HACHETTE;Les pin-up, ces filles de papier n'ont d'autre destinée que de satisfaire le plaisir de nos yeux. Celles de cet album sont exhibitionnistes, et provocantes, et WETZ nous les offre ensorcelantes...;11.89;11.3
BD000311;HARUKA;OGENKI CLINIC;OGENKI CLINIC - T2;;10.52;9.99;MANGA EROTIQUE;6051957;ALBIN MICHEL;9782226088635;HACHETTE;;;
BD000312;LALIA;LOVECRAFT;LE GRIMOIRE MAUDIT - T1;;14.94;14.19;FANTASTIQUE;6052484;ALBIN MICHEL;9782226105523;HACHETTE;;;
BD000313;BUCHE / PERISSIN;HELENE CARTIER;A LA POURSUITE DU PRINCE CHARMANT - T1;;8.99;8.54;;4345005;ALPEN PUBLISHERS;9782731607819;HACHETTE;Hélène Cartier a deux maris. Le premier, aviateur, a disparu aux Indes. Le second, jaloux, part à la recherche du premier. Hélène suit ses deux époux au bout du monde, d'aventures excentriques en périéties extravagantes.;;
BD000314;BUCHE / PERISSIN;HELENE CARTIER;LA RIVIERE DU GRAND RETOUR - T2;;8.99;8.54;;4345013;ALPEN PUBLISHERS;9782731610574;HACHETTE;Hélène Cartier a deux maris. Le premier, aviateur, a disparu aux Indes. Le second, jaloux, part à la recherche du premier. Hélène suit ses deux époux au bout du monde, d'aventures excentriques en périéties extravagantes.;;
BD000315;CONSTANT / LAPIERE;MAURO CALDI;MILLE MIGLIA - T1;;8.99;8.54;;4345021;ALPEN PUBLISHERS;9782883020306;HACHETTE;Lorsqu'il ne résout pas des énigmes policières, Mauro Caldi pilote des Ferrari délicieusement rétros sur les routes italiennes. Humour, simplicité, action : un mélange digne des grandes séries des années 50.;;
BD000316;CONSTANT / LAPIERE;MAURO CALDI;CINE CITTA - T2;;8.99;8.54;;4345039;ALPEN PUBLISHERS;9782883020313;HACHETTE;Lorsqu'il ne résout pas des énigmes policières, Mauro Caldi pilote des Ferrari délicieusement rétros sur les routes italiennes. Humour, simplicité, action : un mélange digne des grandes séries des années 50.;;
BD000317;CONSTANT / LAPIERE;MAURO CALDI;LA VOLEUSE - T3;;8.99;8.54;;4345047;ALPEN PUBLISHERS;9782883020320;HACHETTE;Lorsqu'il ne résout pas des énigmes policières, Mauro Caldi pilote des Ferrari délicieusement rétros sur les routes italiennes. Humour, simplicité, action : un mélange digne des grandes séries des années 50.;;
BD000318;CONSTANT / LAPIERE;MAURO CALDI;LA BAIE DES MENTEURS - T4;;8.99;8.54;;4345054;ALPEN PUBLISHERS;9782731609097;HACHETTE;Lorsqu'il ne résout pas des énigmes policières, Mauro Caldi pilote des Ferrari délicieusement rétros sur les routes italiennes. Humour, simplicité, action : un mélange digne des grandes séries des années 50.;;
BD000319;CONSTANT / LAPIERE;MAURO CALDI;LA GUERRE DES FAMILLES - T5;;8.99;8.54;;4345062;ALPEN PUBLISHERS;9782731610154;HACHETTE;Lorsqu'il ne résout pas des énigmes policières, Mauro Caldi pilote des Ferrari délicieusement rétros sur les routes italiennes. Humour, simplicité, action : un mélange digne des grandes séries des années 50.;;
BD000320;CONSTANT / LAPIERE;MAURO CALDI;LES VOLEURS DE FERRARI - T6;;8.99;8.54;;4345070;ALPEN PUBLISHERS;9782731610727;HACHETTE;Lorsqu'il ne résout pas des énigmes policières, Mauro Caldi pilote des Ferrari délicieusement rétros sur les routes italiennes. Humour, simplicité, action : un mélange digne des grandes séries des années 50.;;
BD000321;DERIB / JOB;PYTHAGORE;ECHEC A BRAZERRO - T1;;8.99;8.54;;4345088;ALPEN PUBLISHERS;9782883020023;HACHETTE;Drôle d'oiseau, ce Pythagore, féru d'arithmétique et d'alcools forts. Ami fidèle, il assiste ses copains humains dans leurs périples à travers le monde. Par les auteurs de Yakari, la célèbre série pour enfants.;;
BD000322;DERIB / JOB;PYTHAGORE;OPERATION RHINO - T2;;8.99;8.54;;4345096;ALPEN PUBLISHERS;9782883020139;HACHETTE;Drôle d'oiseau, ce Pythagore, féru d'arithmétique et d'alcools forts. Ami fidèle, il assiste ses copains humains dans leurs périples à travers le monde. Par les auteurs de Yakari, la célèbre série pour enfants.;;
BD000323;DERIB / JOB;PYTHAGORE;LES GEANTS DE LA TOUNDRA - T3;;8.99;8.54;;4345104;ALPEN PUBLISHERS;9782883020146;HACHETTE;Drôle d'oiseau, ce Pythagore, féru d'arithmétique et d'alcools forts. Ami fidèle, il assiste ses copains humains dans leurs périples à travers le monde. Par les auteurs de Yakari, la célèbre série pour enfants.;;
BD000324;MARINI / MARELLE / SMOLDEREN / POP;OLIVIER VARESE;LA COLOMBE DE LA PLACE ROUGE - T1 - Arrêt de Commercialisation;;;;;4345112;ALPEN PUBLISHERS;9782883020047;HACHETTE;Olivier Varèse est un jeune journaliste de la vieille école, celle qui formait des aventuriers plutôt que des paparazzi. Une série nourrie à la BD d'action américaine et aux mangas japonais.;8.99;8.54
BD000325;MARINI / MARELLE / SMOLDEREN / POP;OLIVIER VARESE;BIENVENUE A KOKONINOWORLD - T2 - Arrêt de Commercialisation;;;;;4345138;ALPEN PUBLISHERS;9782731608236;HACHETTE;Olivier Varèse est un jeune journaliste de la vieille école, celle qui formait des aventuriers plutôt que des paparazzi. Une série nourrie à la BD d'action américaine et aux mangas japonais.;8.99;8.54
BD000326;MARINI / MARELLE / SMOLDEREN / POP;OLIVIER VARESE;RAID SUR KOKONINOWORLD - T3 - Arrêt de Commercialisation;;;;;4345146;ALPEN PUBLISHERS;9782731610130;HACHETTE;Olivier Varèse est un jeune journaliste de la vieille école, celle qui formait des aventuriers plutôt que des paparazzi. Une série nourrie à la BD d'action américaine et aux mangas japonais.;8.99;8.54
BD000327;MARINI / MARELLE / SMOLDEREN / POP;OLIVIER VARESE;LE PARFUM DU MAGNOLIA - T4 - Arrêt de Commercialisation;;;;;4345120;ALPEN PUBLISHERS;9782731610796;HACHETTE;Olivier Varèse est un jeune journaliste de la vieille école, celle qui formait des aventuriers plutôt que des paparazzi. Une série nourrie à la BD d'action américaine et aux mangas japonais.;8.99;8.54
BD000328;SAVARD / FOREST;LEONID BEAUDRAGON;LE FANTOME DU MANDCHOU FOU - T1;;8.99;8.54;;4345153;ALPEN PUBLISHERS;9782883020238;HACHETTE;Le dessinateur de Barbarella, Jean-Claude FOREST, a beaucoup écrit pour les autres. Ses scénarios sont une fête de malice, d'invention et d'intelligence. Parfaitement servis par le graphisme précis de SAVARD, ceux de Léonid Beaudragon, détective farfelu, ne dérogent pas à la règle.;;
BD000329;SAVARD / FOREST;LEONID BEAUDRAGON;LA NUIT DES TOTEMS - T2 - Arrêt de commercialisation;;;;;4345161;ALPEN PUBLISHERS;9782883020054;HACHETTE;Le dessinateur de Barbarella, Jean-Claude FOREST, a beaucoup écrit pour les autres. Ses scénarios sont une fête de malice, d'invention et d'intelligence. Parfaitement servis par le graphisme précis de SAVARD, ceux de Léonid Beaudragon, détective farfelu, ne dérogent pas à la règle.;8.99;8.54
BD000330;SAVARD / FOREST;LEONID BEAUDRAGON;LE SCAPHANDRIER DU LUNDI - T3 - Arrêt de commercialisation;;;;;4345179;ALPEN PUBLISHERS;9782731609554;HACHETTE;Le dessinateur de Barbarella, Jean-Claude FOREST, a beaucoup écrit pour les autres. Ses scénarios sont une fête de malice, d'invention et d'intelligence. Parfaitement servis par le graphisme précis de SAVARD, ceux de Léonid Beaudragon, détective farfelu, ne dérogent pas à la règle.;8.99;8.54
BD000331;STANISLAS / RULLIER;VICTOR LEVALLOIS;TRAFIC EN INDOCHINE - T1;;8.99;8.54;;4345187;ALPEN PUBLISHERS;9782731608120;HACHETTE;Victor Levallois n'a pas la tête de l'emploi. Avec ses airs de premier de la classe, il se retrouve pourtant plongé dans un tourbillon d'aventures périlleuses, dans l'Indochine française ou le trouble Paris de l'après-guerre.;;
BD000332;STANISLAS / RULLIER;VICTOR LEVALLOIS;LA ROUTE DE CAO BANG - T2;;8.99;8.54;;4345195;ALPEN PUBLISHERS;9782731609462;HACHETTE;Victor Levallois n'a pas la tête de l'emploi. Avec ses airs de premier de la classe, il se retrouve pourtant plongé dans un tourbillon d'aventures périlleuses, dans l'Indochine française ou le trouble Paris de l'après-guerre.;;
BD000333;STANISLAS / RULLIER;VICTOR LEVALLOIS;LE MANCHOT DE LA BUTTE ROUGE - T3;;8.99;8.54;;4345203;ALPEN PUBLISHERS;9782731611274;HACHETTE;Victor Levallois n'a pas la tête de l'emploi. Avec ses airs de premier de la classe, il se retrouve pourtant plongé dans un tourbillon d'aventures périlleuses, dans l'Indochine française ou le trouble Paris de l'après-guerre.;;
BD000334;SWOLFS;DURANGO;LES CHIENS MEURENT EN HIVER - T1;;9.45;8.98;;4345310;HUMANOIDES ASSOCIES;9782731609714;HACHETTE;Durango est un héros courageux et solitaire, impitoyable mais sentimental, véritable défenseur de la loi et du bien. Une série violente et mouvementée, dans la lignée des plus grands western spaghetti.;;
BD000335;SWOLFS;DURANGO;LES FORCES DE LA COLERE - T2;;9.45;8.98;;4345328;HUMANOIDES ASSOCIES;9782731609721;HACHETTE;Durango est un héros courageux et solitaire, impitoyable mais sentimental, véritable défenseur de la loi et du bien. Une série violente et mouvementée, dans la lignée des plus grands western spaghetti.;;
BD000336;SWOLFS;DURANGO;PIEGE POUR UN TUEUR - T3;;9.45;8.98;;4345336;HUMANOIDES ASSOCIES;9782731609738;HACHETTE;Durango est un héros courageux et solitaire, impitoyable mais sentimental, véritable défenseur de la loi et du bien. Une série violente et mouvementée, dans la lignée des plus grands western spaghetti.;;
BD000337;SWOLFS;DURANGO;AMOS - T4;;9.45;8.98;;4345211;HUMANOIDES ASSOCIES;9782731609745;HACHETTE;Durango est un héros courageux et solitaire, impitoyable mais sentimental, véritable défenseur de la loi et du bien. Une série violente et mouvementée, dans la lignée des plus grands western spaghetti.;;
BD000338;SWOLFS;DURANGO;SIERRA SAUVAGE - T5;;9.45;8.98;;4345229;HUMANOIDES ASSOCIES;9782731609752;HACHETTE;Durango est un héros courageux et solitaire, impitoyable mais sentimental, véritable défenseur de la loi et du bien. Une série violente et mouvementée, dans la lignée des plus grands western spaghetti.;;
BD000339;SWOLFS;DURANGO;LE DESTIN D'UN DESPERADO - T6;;9.45;8.98;;4345237;HUMANOIDES ASSOCIES;9782731609769;HACHETTE;Durango est un héros courageux et solitaire, impitoyable mais sentimental, véritable défenseur de la loi et du bien. Une série violente et mouvementée, dans la lignée des plus grands western spaghetti.;;
BD000340;SWOLFS;DURANGO;LONEVILLE - T7;;9.45;8.98;;4345245;HUMANOIDES ASSOCIES;9782731607772;HACHETTE;Durango est un héros courageux et solitaire, impitoyable mais sentimental, véritable défenseur de la loi et du bien. Une série violente et mouvementée, dans la lignée des plus grands western spaghetti.;;
BD000341;SWOLFS;DURANGO;UNE RAISON POUR MOURIR - T8;;9.45;8.98;;4345252;ALPEN PUBLISHERS;9782731609783;HACHETTE;Durango est un héros courageux et solitaire, impitoyable mais sentimental, véritable défenseur de la loi et du bien. Une série violente et mouvementée, dans la lignée des plus grands western spaghetti.;;
BD000342;SWOLFS;DURANGO;L'OR DE DUNCAN - T9;;9.45;8.98;;4345260;ALPEN PUBLISHERS;9782731609790;HACHETTE;Durango est un héros courageux et solitaire, impitoyable mais sentimental, véritable défenseur de la loi et du bien. Une série violente et mouvementée, dans la lignée des plus grands western spaghetti.;;
BD000343;SWOLFS;DURANGO;LA PROIE DES CHACALS - T10;;9.45;8.98;;4345278;ALPEN PUBLISHERS;9782731609806;HACHETTE;Durango est un héros courageux et solitaire, impitoyable mais sentimental, véritable défenseur de la loi et du bien. Une série violente et mouvementée, dans la lignée des plus grands western spaghetti.;;
BD000344;SWOLFS;DURANGO;COLORADO - T11;;9.45;8.98;;4345286;ALPEN PUBLISHERS;9782731610505;HACHETTE;Durango est un héros courageux et solitaire, impitoyable mais sentimental, véritable défenseur de la loi et du bien. Une série violente et mouvementée, dans la lignée des plus grands western spaghetti.;;
BD000345;SWOLFS;DURANGO;L'HERITIERE - T12;;9.45;8.98;;4345294;ALPEN PUBLISHERS;9782731610970;HACHETTE;Durango est un héros courageux et solitaire, impitoyable mais sentimental, véritable défenseur de la loi et du bien. Une série violente et mouvementée, dans la lignée des plus grands western spaghetti.;;
BD000346;SWOLFS;DURANGO;SANS PITIE - T13;;9.45;8.98;;4348090;ALPEN PUBLISHERS;9782731612721;HACHETTE;Durango est un héros courageux et solitaire, impitoyable mais sentimental, véritable défenseur de la loi et du bien. Une série violente et mouvementée, dans la lignée des plus grands western spaghetti.;;
BD000347;KALONJI;HELVETIKA;HELVETIKA - T1;;10.52;9.99;;5349162;PAQUET;9782940199198;HACHETTE;;;
BD000348;TURK / DE GROOT;LEONARD;HORS SERIE 20 ANS DE GENIE;;8.69;8.26;HUMOUR;01621NE;DARGAUD;9782884250061;MDS;;;
BD000349;TURK / DE GROOT;LEONARD;FLAGRANT GENIE - T19;;8.69;8.26;HUMOUR;01640NE;DARGAUD;9782884250009;MDS;;;
BD000350;TURK / DE GROOT;LEONARD;CIEL MON GENIE - T20;;8.69;8.26;HUMOUR;01641NE;DARGAUD;9782884250016;MDS;;;
BD000351;TURK / DE GROOT;LEONARD;UN AIR DE GENIE - T21;;8.69;8.26;HUMOUR;01642NE;DARGAUD;9782884250023;MDS;;;
BD000352;TURK / DE GROOT;LEONARD;CADEAU DE GENIE - T22;;8.69;8.26;HUMOUR;01643NE;DARGAUD;9782884250030;MDS;;;
BD000353;TURK / DE GROOT;LEONARD;POIL AU GENIE - T23;;8.69;8.26;HUMOUR;01644NE;DARGAUD;9782884250047;MDS;;;
BD000354;TURK / DE GROOT;LEONARD;TEMPS DE GENIE - T24;;8.69;8.26;HUMOUR;01645NE;DARGAUD;9782884250054;MDS;;;
BD000355;TURK / DE GROOT;LEONARD;D'OU VIENS TU GENIE - T25;;8.69;8.26;HUMOUR;01646NE;DARGAUD;9782884250078;MDS;;;
BD000356;TURK / DE GROOT;LEONARD;GENIE OR NOT GENIE - T26;;8.69;8.26;HUMOUR;01647NE;DARGAUD;9782884250092;MDS;;;
BD000357;TURK / DE GROOT;LEONARD;ON A MARCHE SUR LE GENIE - T27;;8.69;8.26;HUMOUR;1648;DARGAUD;9782884250115;MDS;;;
BD000358;TURK / DE GROOT;LEONARD;GENIE TOUJOURS PRÊT - T28;;8.69;8.26;HUMOUR;1649;DARGAUD;9782884250122;MDS;;;
BD000359;ACHDE;LES DAMNES DE LA ROUTE;ON ACHEVE BIEN LES 2CV - T1;;8.99;8.54;HUMOUR;276167;BAMBOO;9782912715180;HAVAS;A son bord, la vie n'est pas une longue autoroute tranquille, et comme nous tous, la famille Lerbag en fait le constat tous les jours ! De parking en parcmètres, de garages en fourrières, de pannes en P.V, celle qui doit leur simplifier la route, leur pourrit l'existence.Du plaisir d'essence à l'enfer mécanique, bourres et déboires de nos héros de l'asphalte. P.S : le contrôle technique de cet album est O.K !;;
BD000360;AMOURIQ / ANDRE;LES ZYPERS;LES CHARIOTS SAUVAGES;;8.99;8.54;HUMOUR;276169;BAMBOO;9782912715203;HAVAS;Les Zypers d'AMOURIQ, c'est comme les grandes surfaces, une fois qu'on est entré, on ne peut pas s'empêcher de consommer ! Sauf qu'ici, il n'y a qu'un rayon : l'humour. Un rayon toujours bien achalandé ou chaque gag a l'art de titiller nos petits défauts de grands consommateurs. Prêts à subir l'assaut des Chariots Sauvages ? Alors à vos caddies et faites le plein de bonne humeur.;;
BD000361;TOME;LE PETIT SPIROU;PETIT SPIROU INTEGRALE N° 1;;13.57;12.89;HUMOUR;276944;NIFFLE COHEN;9782873930219;HAVAS;;;
BD000362;DETHAN;TANTE HENRIETTE;TANTE HENRIETTE OU L'ELOGE DE L'AVARICE - Rupture Editeur;;;;;;DELCOURT;;FLAMMARION;En 1976, lors de vacances dans le Périgord, une petite fille fait la connaissance de sa grand-tante. Issue de la très haute bourgeoisie, à l'abri du besoin toute sa vie, Tante Henriette a pourtant développé un trait de caractère très marqué que la petite fille découvre à travers son histoire personnelle et une série d'anecdotes étonnantes : elle a élevé l'avarice au rang d'un véritable art de vivre... Album 96 pages noir et blanc;10.52;9.99
BD000363;PELLEJERO / LAPIERE;;UN PEU DE FUMEE BLEUE;;12.04;11.44;AVENTURE;;DUPUIS;;HACHETTE;Une boîte ouverte. Six cigarettes alignées sur le comptoir. Écrits à la main, sur chacune d'elles, quelques mots. Mis bout à bout, les mots se font poème. Le tabac est vieux et les cigarettes laissent au fond de la bouche un goût amer. Pourquoi ces mots ? Quelle histoire derrière cette fumée qui s'échappe en volutes bleues ? Laura en connaît plusieurs débuts. Il y est question de prisonniers qui souffrent et de femmes qui pleurent. En connaît-elle la fin ?;;
BD000364;BALDAZZINI;CASA HOWHARD;CASA HOWHARD;;12.04;12.04;;5353073;GEISHA;;HACHETTE;Elégantes, féminines et mystérieuses. Une nouvelle race d'héroïnes, hommes et femmes à la fois !;;
BD000365;DENAYER / FRANZ;GORD;PACK GORD T1 + T4;;12.04;11.44;;5330824;JOKER EDITIONS;9782862651259;HACHETTE;;;
BD000366;DENAYER / FRANZ;GORD;COFFRET GORD 4 VOLUMES;;52.75;50.11;;5330923;JOKER EDITIONS;9782872651498;HACHETTE;;;
BD000367;BELIN / HERVAL;CAPTAIN PIRATE;CAPTAIN PIRATE - T1;;8.99;8.54;;5060009;NUCLEA;9782914235211;HACHETTE;Vous rêviez des Caraïbes, de ses plages de sable fin, des tropiques, vous allez être servis ! Hissez la grand voile, moussaillons, l'heure de l'aventure a sonné. Prenez un Captain, pirate au long cours, français, bourru et prêt à tout. Faites le cohabiter avec une jeune espagnole, Inès, petite gamine éprise de bonnes manières flibustières, en un mot, une teigne. Ajoutez un oncle âpre au gain, un gamin ravageur de St Malo et placez le tout en plein 17ème siècle. Une aventure pétillante et pleine d'humour qui vous entraîne dans de nombreux rebondissements à rythme soutenu.;;
BD000368;RUTHE;PAS SI BETE;PAS SI BETE - T1;;10.52;9.99;;5330832;JOKER EDITIONS;9782872651108;HACHETTE;;;
BD000369;RUTHE;PAS SI BETE;PAS SI BETE - T2;;10.52;9.99;;5330790;JOKER EDITIONS;9782872651368;HACHETTE;;;
BD000370;ARNON;;L'INVASION;;12.04;11.44;;6056535;ALBIN MICHEL;9782226114686;HACHETTE;;;
BD000371;BARU;;ROULEZ JEUNESSE;;18.29;17.6;;6023394;ALBIN MICHEL;9782226053251;HACHETTE;;;
BD000372;BENOIT;;LA PEAU DU LEOPARD - VERSION LUXE;;91.47;91.47;;6005532;ALBIN MICHEL;9782226115423;HACHETTE;;;
BD000373;ALCATENA;MARCO POLO;LES CARNETS SECRETS DE MARCO POLO;;18.29;17.6;;6062681;ALBIN MICHEL;9782226114839;HACHETTE;;;
BD000374;CABU;;A GAUCHE TOUTE;;8.99;8.54;;6055248;ALBIN MICHEL;9782226111333;HACHETTE;vous entraîne dans de nombreux rebondissements à rythme soutenu.;;
BD000375;COLLECTIF;;DEMAIN L'AN 3000;;13.57;12.89;;6054332;ALBIN MICHEL;9782226109958;HACHETTE;;;
BD000376;TAMBURINI / LIBERATORE / CHABAT;RANXEROX;COFFRET RANXEROX T1 A T3;;44.97;42.72;;9741398;ALBIN MICHEL;9782226116994;HACHETTE;;;
BD000377;FROMENTAL / FLOC'H;;UN HOMME DANS LA FOULE;;18.29;17.6;;6014427;ALBIN MICHEL;9782226023018;HACHETTE;;;
BD000378;JANO;;GAZOLINE ET PLANETE ROUGE;;7.93;7.53;;6051171;ALBIN MICHEL;9782226037251;HACHETTE;;;
BD000379;MATTOTI;;LE VOYAGE DE CABOTO;;14.94;14.19;;6051650;ALBIN MICHEL;9782226065650;HACHETTE;;;
BD000380;PETILLON;;ON AURA TOUT VU;;12.04;11.44;;6054902;ALBIN MICHEL;9782226111067;HACHETTE;;;
BD000381;PETILLON;;CA VA FAIRE M@L.COM;;12.04;11.44;;6062772;ALBIN MICHEL;9782226116437;HACHETTE;;;
BD000382;PICHARD;CARMEN;CARMEN;;5.95;5.65;;6002125;ALBIN MICHEL;9782226012678;HACHETTE;;;
BD000383;PICHARD;DON JUAN;LES EXPLOITS D'UN DON JUAN;;12.04;11.44;;6023329;ALBIN MICHEL;9782226053237;HACHETTE;;;
BD000384;REISER;LA VIE AU GRAND AIR;LA VIE AU GRAND AIR COFFRET T1 A T3;;31.56;29.98;;9741521;ALBIN MICHEL;9782226120151;HACHETTE;;;
BD000385;TRILLO / MANDRAFINA;LA GRANDE ARNAQUE;LA GRANDE ARNAQUE COFFRET 2 VOLUMES;;28.51;27.08;;9741695;ALBIN MICHEL;9782226120311;HACHETTE;;;
BD000386;RISSO / TRILLO;JE SUIS UN VAMPIRE;LA RESURRECTION - T1;;14.94;14.19;;6056501;ALBIN MICHEL;9782226114662;HACHETTE;;;
BD000387;CAMBIER / VERHOEST;BLAKE ET MORTIMER;HISTOIRE D'UN RETOUR MAKING OF BLAKE ET MORTIMER;;24.39;23.17;;20015;DARGAUD;9782205042627;MDS;;;
BD000388;VARENNE;;L'ART EROTIQUE D'ALEX VARENNE;;30.49;28.97;;6024491;ALBIN MICHEL;9782226055651;HACHETTE;;;
BD000389;VARENNE;;LA CORRECTION OU LA CONFUSION DES SENS;;19.82;18.83;;6038822;ALBIN MICHEL;9782226092093;HACHETTE;;;
BD000390;VUILLEMIN;LES SALES BLAGUES DE L'ECHO;LES SALES BLAGUES DE L'ECHO - T8;;8.99;8.54;;6062202;ALBIN MICHEL;9782226114778;HACHETTE;;;
BD000391;WOLINSKI;;ELLES SONT TOUTES FOLLES DE MOI;;13.57;12.89;;6062699;ALBIN MICHEL;9782226115157;HACHETTE;;;
BD000392;TRAMBER;;TROP BREIZH;;15.09;14.34;;5345137;AU BORD DES CONTINENTS;9782911684180;HACHETTE;;;
BD000393;FROLLO;;LIENS DE FEMMES;;24.39;23.17;;4160453;BAGHEERA;9782908406702;HACHETTE;;;
BD000394;UTATANE;COMPTE A REBOURS;COMPTE A REBOURS;;12.5;11.88;MANGA X;5071055;BEDEROGENE;9782747400053;HACHETTE;Préparez-vous à vous éclater . Ces dix histoires du dessinateur UTATANE, particulièrement apprécié pour la clarté et la précision de son style, brisent tous les tabous et vous offrent le meilleur de l'érotique hardcore. Pas de censure dans cette édition que l'artiste lui-même a spécialement revue afin d'y rétablir les passages interdits au Japon.;;
BD000395;YUI;HOT TAILS;HOT TAILS - T1;;12.5;11.88;MANGA X;5071048;BEDEROGENE;9782747400084;HACHETTE;En direct de la planche à dessin de YUI, découvrez une véritable cascade de contes lubriques. Une débauche de relations illicites, de sadomasochisme, de transexualité, de domination et bien plus encore.;;
BD000396;FRETET;;SEX ADDICT STORY;;12.04;12.04;;5353057;GEISHA;9782914094054;HACHETTE;;;
BD000397;LECUREUX;RAHAN;LA MONTAGNE FENDUE;;10.52;9.99;;5342019;LECUREUX;9782913567054;HACHETTE;;;
BD000398;BLAIR;DICK SWEENIE;DICK SWEENIE - T1;;10.52;9.99;;5349303;PAQUET;9782940199341;HACHETTE;Satire corrosive des films et séries B sur l'invasion de la Terre par les extraterrestres. Des complots, des mystères, des hommes en noir, de nombreux clans qui s'affrontent dans un décor burlesque d'Amérique profonde. Le premier tome des Aventures de Dick Sweenie place d'ores et déjà la saga parmi les ouvrages de BD d'humour caustique.;;
BD000399;GILLON;LES LEVIATHANS;LA DENT DE L'ALLIGATOR - T2;;10.52;9.99;;6055297;ALBIN MICHEL;9782226113733;HACHETTE;;;
BD000400;ELLIS / CASSADAY;PLANETARY;TERRA INCOGNITA - T1;;12.5;11.88;FANTASTIQUE;5303482;SOLEIL PRODUCTIONS;9782845650640;HACHETTE;;;
BD000401;COLLECTIF;SALUT LES COQUINES;LA SIRENE DE L'ESPACE - T3;;8.84;8.4;EROTIQUE;204361;ARBORIS;9789034410610;HAVAS;;;
BD000402;NUNES;SALUT LES COQUINES;DUR DUR LES FAIBLES FEMMES - T4;;8.84;8.4;EROTIQUE;208048;ARBORIS;9789034410641;HAVAS;;;
BD000403;COLLECTIF;INNUAT;INNUAT;;15.09;14.34;;5349360;PAQUET;9782940199396;HACHETTE;;;
BD000404;NUNES;SALUT LES COQUINES;CA ALORS - T6;;8.84;8.4;EROTIQUE;240805;ARBORIS;9789034410696;HAVAS;;;
BD000405;ALESSANDRINI / MOLITERNI;INDIANA JONES;LE GRIMOIRE MAUDIT - T3;;9.15;8.69;AVENTURE;4160172;BAGHEERA;9782908406467;HACHETTE;;;
BD000406;BECH;AIDA NOUR;ENIGME AU CAIRE;;9.15;8.69;AVENTURE;181281;BAGHEERA;9782908406290;HACHETTE;;;
BD000407;BRANDOLI / DE ANGELIS;;CUBA 42;;9.15;8.69;AVENTURE;4160214;BAGHEERA;9782908406276;HACHETTE;;;
BD000408;CHRIS;MARIE ROSE AND CO;LEVE TON CUL - T1;;9.15;8.69;HUMOUR;4160271;BAGHEERA;9782908406108;HACHETTE;;;
BD000409;CHRIS;MARIE ROSE AND CO;ET DIRE QUE DIEU CREA LA FEMME - T2;;9.15;8.69;HUMOUR;4160289;BAGHEERA;9782908406122;HACHETTE;Grand Prix de l' Humour Noir BD en 1991 décerné par le C.E.S.A.R;;
BD000410;COLLECTIF;;BD FAIT SA CUISINE;;13.57;12.89;HUMOUR;4160297;BAGHEERA;9782908406542;HACHETTE;;;
BD000411;DIRKS;;LES KIDS;;9.15;8.69;HUMOUR;4160263;BAGHEERA;9782908407075;HACHETTE;;;
BD000412;SERPIERI;L'INDIENNE BLANCHE;L'INDIENNE BLANCHE;;9.15;8.69;EROTIQUE;4160149;BAGHEERA;9782908406337;HACHETTE;;;
BD000413;SERPIERI;;CROQUIS;;17.53;16.66;EROTIQUE;4160107;BAGHEERA;9782908406368;HACHETTE;Depuis une dizaine d'années, SERPIERI sillonne le monde. Toujours à la recherche de moments insolites, sa curiosité l'a guidé dans les endroits les plus secrets des villes les plus chaudes : San Diego sur le plateau d'un film hard, Mexico dans l'une de ces maisons de rendez-vous style années 30, Bangkok avec ses jolies Thaïlandaises aux cuissardes provocatrices, Paris dans l'un des théatres de la rue Fontaine, Rome sur le plateau de la Nave au moment ou Federico Fellini le réalisait, Cheyenne à la rencontre d'une belle Indienne aux goûts très spéciaux, etc... SERPIERI, toujours le carnet de croquis à la main, nous raconte ses pérégrinations dans une trentaine de villes et nous dévoile ces femmes dont il a gardé un souvenir impérissable.;;
BD000414;SERPIERI;DRUUNA;MORBUS GRAVIS - T1;;13.57;12.89;EROTIQUE;4160396;BAGHEERA;9782908406146;HACHETTE;C'est le premier tome de la série Druuna.<br>On y retrouve Druuna dans un monde rongé par un mal étrange. Elle vendra son corps pour ce sérum qui doit redonner un peu d'humanité à son compagnon et elle découvrira une partie du mystère qui règne sur ce monde inquiétant.;;
BD000415;SERPIERI;DRUUNA;DRUUNA - T2;;13.57;12.89;EROTIQUE;4160404;BAGHEERA;9782908406153;HACHETTE;Ecoute moi attentivement, Druuna : tu dois chercher à rejoindre, au plus vite, le coeur de la cité, tu y trouveras une tour... La Tour du Pouvoir. Nous l'appelons ainsi car nous y rassemblons à l'intérieur, toutes les connaissances et témoignages de vérité...;;
BD000416;SERPIERI;DRUUNA;CREATURA - T3;;13.57;12.89;EROTIQUE;4160412;BAGHEERA;9782908406009;HACHETTE;;;
BD000417;SERPIERI;DRUUNA;CARNIVORA - T4;;13.57;12.89;EROTIQUE;4160420;BAGHEERA;9782908406214;HACHETTE;Les références aux classiques de la science-fiction sont de plus en plus nombreux dans la série Druuna avec Alien, 2001 l'Odyssée de l'espace, et cette fois Blade Runner. En effet, le vaisseau arrive aux confins de l'univers à la limite entre deux dimensions. D'un coté le bien et de l'autre le mal. C'est sur cette brèche que Druuna devra faire face aux réplicants, ces êtres maléfiques qui, petit à petit prennent possession du vaisseau, sont le reflet obscur de l'équipage du navire. Toujours aussi prenant et surprenant, SERPIERI a une imagination sans limite.;;
BD000418;SERPIERI;DRUUNA;MANDRAGORA - T5;;13.57;12.89;EROTIQUE;4160438;BAGHEERA;9782908406320;HACHETTE;L'ordinateur CP1 réagit bizarrement, un esprit d'énergie pure semble s'être introduit dans sa mémoire, de plus le mal s'est introduit dans le vaisseau. Doc et son équipe vont alors chercher un moyen d'enrayer ce mal avant qu'il ne se répende dans le vaisseau. Pour cela Druuna devra entrer dans l'esprit du CP1 et retrouver le monde irréel dans lequel elle a vécu si longtemps. Sa tâche sera de découvrir la composition du sérum pour la rapporter à l'équipe du DOC. Une suite à ne pas rater.;;
BD000419;SERPIERI;DRUUNA;APHRODISIA - T6;;13.57;12.89;EROTIQUE;4160446;BAGHEERA;9782908406504;HACHETTE;Sixième épisode de la série et Druuna rencontre son clône possédé par l'esprit de Lewis. Dans cette histoire Druuna ne sait plus si elle est réelle ou si elle n'est que le rêve de la vraie Druuna...;;
BD000420;SERPIERI;DRUUNA;OBSESSION;;24.39;23.17;EROTIQUE;4160065;BAGHEERA;9782908406061;HACHETTE;Obsession est certainement le plus bel album de SERPIERI dédié à Druuna. On y retrouve croquis et dessins aux crayons aquarellables...;;
BD000421;SERPIERI;DRUUNA X;DRUUNA X - T1;;24.39;23.17;EROTIQUE;4160073;BAGHEERA;9782908406306;HACHETTE;Tout ce que vous avez toujours voulu savoir sur Druuna sans avoir jamais osé le demander. SERPIERI nous retrace la naissance de Druuna, cette femme sauvage au physique généreux qui va s'imposer comme l'héroïne de sa plus célébre série.;;
BD000422;SERPIERI;DRUUNA X;DRUUNA X - T2;;24.39;23.17;EROTIQUE;4160081;BAGHEERA;9782908406535;HACHETTE;Tout ce que vous avez toujours voulu savoir sur Druuna sans avoir jamais osé le demander. SERPIERI nous retrace la naissance de Druuna, cette femme sauvage au physique généreux qui va s'imposer comme l'héroïne de sa plus célébre série.;;
BD000423;GAUMER / RODOLPHE;;LES SCENARISTES;;10.98;10.43;;4160305;BAGHEERA;9782908406221;HACHETTE;;;
BD000424;GAUMER / RODOLPHE;;SERIES SERIALS OR NOT SERIALS;;9.15;8.69;;181295;BAGHEERA;9782908406313;HACHETTE;;;
BD000425;GIGI;UGAKI;LE SERMENT DU SAMOURAI - T1;;13.57;12.89;AVENTURE;4160248;BAGHEERA;9782908406030;HACHETTE;;;
BD000426;GIGI;UGAKI;L'ESCRIMEUR FOU - T2;;13.57;12.89;AVENTURE;4160255;BAGHEERA;9782908406047;HACHETTE;;;
BD000427;GIMENEZ / DALPRA;;REGARD DE L'APOCALYPSE;;13.57;12.89;FANTASTIQUE;4160198;BAGHEERA;9782908406054;HACHETTE;;;
BD000428;MARTIN / PLEYERS;KEOS;OSIRIS;;9.15;8.69;AVENTURE;181373;BAGHEERA;9782908406115;HACHETTE;;;
BD000429;ROTUNDO / FERRANDINO;SERRA TORBARA;LES LARMES DE JUDAS - T1;;9.15;8.69;AVENTURE;4160222;BAGHEERA;9782908406177;HACHETTE;;;
BD000430;SICOMORO / MOLITERNI;;SIDA CONNECTION - T2;;13.57;12.89;AVENTURE;4160206;BAGHEERA;9782908406191;HACHETTE;;;
BD000431;COLLECTIF;TALES FROM THE CRYPT;COFFRET TALES FROM THE CRYPT T5 A T8;;35.98;34.18;;9741794;ALBIN MICHEL;9782226121028;HACHETTE;;;
BD000432;MAILLE;;AFFAIRE BAXTERS;;11.89;11.3;;229801;BOOK MAKER;9782912425010;HACHETTE;;;
BD000433;BRETECHER;;MERS - T1;;9.76;9.27;HUMOUR;65536;BRETECHER;9782901076162;MDS;;;
BD000434;BRETECHER;;BOLOT OCCIDENTAL - T2;;9.76;9.27;HUMOUR;65535;BRETECHER;9782901076155;MDS;;;
BD000435;BRETECHER;DOCTEUR VENTOUSE;DOCTEUR VENTOUSE BOBOLOGUE - INTEGRALE - T4;;14.94;14.19;HUMOUR;226794;BRETECHER;9782901076261;MDS;;;
BD000436;BRETECHER;;MOULE DEMOULE - T5;;9.76;9.27;HUMOUR;201654;BRETECHER;9782901076230;MDS;;;
BD000437;BRETECHER;;LE DESTIN DE MONIQUE;;9.76;9.27;HUMOUR;239175;BRETECHER;9782901076285;MDS;;;
BD000438;BRETECHER;AGRIPPINE;AGRIPPINE - T1;;9.76;9.27;HUMOUR;46432;BRETECHER;9782901076124;MDS;;;
BD000439;BRETECHER;AGRIPPINE;AGRIPPINE PREND VAPEUR - T2;;9.76;9.27;HUMOUR;80955;BRETECHER;9782901076179;MDS;;;
BD000440;BRETECHER;AGRIPPINE;COMBATS D'AGRIPPINE - T3;;9.76;9.27;HUMOUR;98793;BRETECHER;9782901076186;MDS;;;
BD000441;BRETECHER;AGRIPPINE;AGRIPPINE ET LES INCLUS - T4;;9.76;9.27;HUMOUR;189068;BRETECHER;9782901076209;MDS;;;
BD000442;BRETECHER;AGRIPPINE;AGRIPPINE ET L'ANCETRE - T5;;9.76;9.27;HUMOUR;248268;BRETECHER;9782901076278;MDS;;;
BD000443;BRETECHER;LES FRUSTRES;LES FRUSTRES - T2;;9.76;9.27;HUMOUR;38000;BRETECHER;9782901076032;MDS;;;
BD000444;BRETECHER;LES FRUSTRES;LES FRUSTRES - INTEGRALE;;24.39;23.17;HUMOUR;202653;BRETECHER;9782901076247;MDS;;;
BD000445;HERGE;TINTIN;TINTIN AU CONGO;;8.84;8.4;AVENTURE;;CASTERMAN;9782203001015;UNION DISTRIBUTION;Album cartonné en français;;
BD000446;STIBANE / VAN LINTHOUT;LES ENQUETES SCAPOLA;LE MANUSCRIT DE JUDAS;;8.54;8.11;;CF2601;CASTERMAN;9782203356337;UNION DISTRIBUTION;ALBUM CARTONNE;;
BD000447;DUGOMIER / SAIVE;LES JEUX SONT FAITS;LA CHANCE TOURNE;;8.54;8.11;;CF2606;CASTERMAN;9782203356382;UNION DISTRIBUTION;ALBUM BROCHE;;
BD000448;SWYSEN;ALBERT LOMBAIRE;VOUS PRENDREZ BIEN QUELQUE CHOSE DOCTEUR;;8.54;8.11;;CF2607;CASTERMAN;9782203356399;UNION DISTRIBUTION;ALBUM BROCHE;;
BD000449;HERGE;TINTIN;TINTIN AU CONGO (1931) - FAC SIMILE EN FRANCAIS - Rupture Editeur;;;;AVENTURE;CF0053;CASTERMAN;9782203011120;UNION DISTRIBUTION;116 PAGES NOIR ET BLANC;16.62;15.79
BD000450;SERA / SAIMBERT;LES PROCESSIONNAIRES;LE GRAND PASSAGE - T1;;12.04;11.44;;6062657;ALBIN MICHEL;9782226114808;HACHETTE;Coupables ou innocents bientôt viendra le jugement pour les processionnaires...;;
BD000451;HERGE;TINTIN;TINTIN AUX PAYS DES SOVIETS (1930) - FAC SIMILE EN FRANCAIS;;16.62;15.79;AVENTURE;;CASTERMAN;9782203011014;UNION DISTRIBUTION;148 PAGES NOIR ET BLANC;;
BD000452;HERGE;TINTIN;TINTIN AU PAYS DES SOVIETS;;8.84;8.4;AVENTURE;;CASTERMAN;9782203001008;UNION DISTRIBUTION;Cette aventure est celle de la naissance de Tintin et elle est, rien qu'en cela, inestimable. L'album sort en 1930 et sera tiré à 10 000 exemplaires, preuve du succès immédiat de la série. Mais il ne sera ni réimprimé ni adapté pour la couleur comme le furent les huit autres albums parus ensuite en noir et blanc. Devenu mythique après la guerre et introuvable, il ne fut plus disponible - hors divers tirages limités aux amateurs - avant sa réédition en 1981, en version Fac Similé. Le tirage anniversaire de janvier 99, sous même présentation et prix que les 22 albums en couleurs, est destiné à rendre accessible à tous les amoureux de Tintin ce numéro zéro, dans toute son authenticité et ses hésitations de l'époque.<br>Album couverture cartonnée.;;
BD000453;ROBBERECHT / RENIER;LA SMALA;FAMILIALE POURSUITE;;8.54;8.11;;CF1647;CASTERMAN;9782203356276;UNION DISTRIBUTION;;;
BD000454;ROBBERECHT / RENIER;LA SMALA;PRISE DE TETE;;8.54;8.11;;CF2605;CASTERMAN;9782203356375;UNION DISTRIBUTION;;;
BD000455;HERGE;TINTIN;TINTIN EN AMERIQUE;;8.84;8.4;AVENTURE;;CASTERMAN;9782203001022;UNION DISTRIBUTION;Album cartonné en français;;
BD000456;ROBBERECHT / RENIER;DEEP MAURICE ET GOLOGAN;PAGAILLE CHEZ LES SAMOURAIS;;8.54;8.11;;CF2602;CASTERMAN;9782203356344;UNION DISTRIBUTION;;;
BD000457;CANALES / GUARDINO;BLACKSAD;QUELQUE PART ENTRE LES OMBRES - T1;;12.5;11.88;THRILLER;14100;DARGAUD;9782203049657;MDS;Attention chef-d'oeuvre ! L'histoire d'un privé qui veut venger son ex-fiancée assassinée, rappelle celle des grands maîtres du polar le plus noir. Cette tragédie classique est transfigurée par un dessin sublime, d'une maestria époustouflante, qui fait de ce polar l'une des plus grandes surprises de l'année.;;
BD000458;DISNEY;DINOSAURE;DINOSAURE;;7.93;7.53;;42060;DARGAUD;9782908803563;MDS;Une famille de makis (singes lémuriens) sauve un oeuf de dinosaure sur le point d'éclore et le prénomme Aladar. Des années plus tard, un météore s'écrase sur terre détruisant leur île. Aladar et les siens se réfugient chez une tribu de dinosaures.;;
BD000459;MONTEIL / LARME;LES SORCIERES;LES SORCIERES;;9.91;9.41;HUMOUR;4160370;BAGHEERA;9782908406658;HACHETTE;;;
BD000460;SCHIMPP / LALIA;BELZAREK;LA MESSAGERE DE L'ENFER - T2;;12.96;12.31;;6055255;ALBIN MICHEL;;HACHETTE;;;
BD000461;LALIA;LOVECRAFT;LE MANUSCRIT OUBLIE - T2;;14.94;14.19;;6063960;SEFAM;9782226116277;HACHETTE;Tremblez mortels, LOVECRAFT est de retour avec cette nouvelle adaptation par Horacio LALIA des meilleurs textes de terreur du maître américain. L'empreinte du mal étreint cet album et tous les thèmes chers à LOVECRAFT sont présents : la terreur rampante, l'indicible peur, les grands anciens, Arkham, Nyarlathotep, le manuscrit maudit relié de peau humaine. Un album à lire la nuit, bien sûr, pour frissonner de peur et de bonheur.;;
BD000462;HERGE;TINTIN;TINTIN EN AMERIQUE (1931);;16.62;15.79;AVENTURE;;CASTERMAN;9782203011137;UNION DISTRIBUTION;FAC SIMILE 128 PAGES NOIR ET BLANC;;
BD000463;HERGE;TINTIN;LES CIGARES DU PHARAON;;8.84;8.4;AVENTURE;CF0004;CASTERMAN;9782203001039;UNION DISTRIBUTION;Album cartonné en français;;
BD000464;TRONCHET;FAMILLE POISSART;PAUVRES MAIS FIERS;;12.04;11.44;;6062715;ALBIN MICHEL;9782226114853;HACHETTE;;;
BD000465;MONSIEUR B;GUIDES EN BD;LA VERITE SUR LE DEMENAGEMENT;;8.99;8.54;HUMOUR;6063937;SEFAM;9782226120304;HACHETTE;;;
BD000466;MEUNIER;GUIDES EN BD;LA VERITE SUR LE REGIME;;8.99;8.54;HUMOUR;6056550;SEFAM;9782226114761;HACHETTE;;;
BD000467;MONSIEUR B;GUIDES EN BD;LA VERITE SUR LE PERMIS DE CONDUIRE;;8.99;8.54;HUMOUR;6063655;ALBIN MICHEL;9782226117199;HACHETTE;;;
BD000468;MEUNIER;GUIDES EN BD;LA VERITE SUR LE MARIAGE;;8.99;8.54;HUMOUR;6054381;SEFAM;9782226107415;HACHETTE;;;
BD000469;HERGE;TINTIN;LES CIGARES DU PHARAON (1934) - FAC SIMILE N&B;;16.62;15.79;AVENTURE;;CASTERMAN;9782203011045;UNION DISTRIBUTION;FAC SIMILE 132 PAGES NOIR ET BLANC;;
BD000470;RODRIGUE / BOUZIG;GUIDES EN BD;LA VERITE SUR LE BEBE;;8.99;8.54;HUMOUR;6054399;SEFAM;9782226109422;HACHETTE;;;
BD000471;HERGE;TINTIN;LE LOTUS BLEU;;8.84;8.4;AVENTURE;CF0005;CASTERMAN;9782203001046;UNION DISTRIBUTION;Album cartonné en français;;
BD000472;STASSEN;DEOGRATIAS;DEOGRATIAS;;12.04;11.44;;6811533;DUPUIS;9782800129723;HACHETTE;Dépenaillé, les yeux brûlants de fièvre, Déogratias erre dans les rues de Butare, au Rwanda. Déogratias, pauvre fou, a besoin d'urwagwa, toujours plus d'urwagwa, la bière de banane. Pour oublier qu'il n'est plus qu'un chien terrorisé par la nuit. Pour oublier les cauchemars qui le hantent. Pour oublier que lui, le Hutu, a lâchement assassiné les femmes Tutsi qu'il aimait. Mais peut-on effacer de son esprit et de son corps la trace poisseuse du sang et le goût salé des larmes ? En choisissant de situer son nouvel album au Rwanda, avant et juste après le génocide, Jean-Philippe STASSEN place la barre très haut : comment exprimer l'indicible et peindre l'inqualifiable ? Avec Déogratias, il démontre magistralement qu'il n'est pas seulement un raconteur d'histoires mais aussi un rapporteur de l'Histoire, celle qu'on ne choisit pas mais qui s'impose par ses drames. Plus qu'un album émouvant, Déogratias est une oeuvre exceptionnelle empreinte d'une profonde humanité.;;
BD000473;SERVAIS / DEWAMME;TENDRE VIOLETTE;VIOLETTE - T2;;8.99;8.54;;;CASTERMAN;;UNION DISTRIBUTION;;;
BD000474;SERVAIS / DEWAMME;TENDRE VIOLETTE;TENDRE VIOLETTE COFFRET T1 ET T2;;17.99;17.09;;;CASTERMAN;;UNION DISTRIBUTION;;;
BD000475;SCHUITEN / PEETERS;LES CITES OBSCURES;VOYAGES EN UTOPIE;;22.11;21;;CF2689;CASTERMAN;;UNION DISTRIBUTION;;;
BD000476;BARU;LES ANNEES SPOUTNIK;LE PENALTY - T1;;8.54;8.11;;;CASTERMAN;;UNION DISTRIBUTION;;;
BD000477;BARU;LES ANNEES SPOUTNIK;C'EST MOI LE CHEF - T2;;8.54;8.11;;;CASTERMAN;;UNION DISTRIBUTION;;;
BD000478;HERGE;TINTIN;LE LOTUS BLEU (1936) - FAC SIMILE N&B;;16.62;15.79;AVENTURE;;CASTERMAN;9782203011052;UNION DISTRIBUTION;FAC SIMILE 140 PAGES NOIR ET BLANC;;
BD000479;HERGE;TINTIN;L'OREILLE CASSEE;;8.84;8.4;AVENTURE;;CASTERMAN;9782203001053;UNION DISTRIBUTION;Album cartonné en français;;
BD000480;FERRANDEZ;CARNETS D'ORIENT;ISTANBUL;;14.48;13.76;;CF2703;CASTERMAN;;UNION DISTRIBUTION;;;
BD000481;MAURICET / VANHOLME;MORT DE TROUILLE;LE VAMPIRE DES MARAIS - T1;;8.54;8.11;;;CASTERMAN;;UNION DISTRIBUTION;;;
BD000482;FAHRER / TRILLO;MON NOM N'EST PAS WILSON;PALEUR MORTELLE - T1;;8.54;8.11;;;CASTERMAN;;UNION DISTRIBUTION;;;
BD000483;DETHUIN / CORCAL;LE BOIS DES MYSTERES;LES ENFANTS HIBOUX;;8.54;8.11;;;CASTERMAN;;UNION DISTRIBUTION;;;
BD000484;DE BRAB / ZIDROU;CHOCO;BARAKA LA CATA;;8.54;8.11;;;CASTERMAN;;UNION DISTRIBUTION;;;
BD000485;HERGE;TINTIN;L'OREILLE CASSEE (1937) - FAC SIMILE N&B;;16.62;15.79;AVENTURE;;CASTERMAN;9782203011069;UNION DISTRIBUTION;FAC SIMILE 140 PAGES NOIR ET BLANC;;
BD000486;HERGE;TINTIN;L'ILE NOIRE;;8.84;8.4;AVENTURE;CF0007;CASTERMAN;9782203001060;UNION DISTRIBUTION;Album cartonné en français;;
BD000487;TAYMANS / WESEL / DELPERDANGE;MAC NAMARA;GLOIRE A SATAN;;8.23;7.82;;;CASTERMAN;;UNION DISTRIBUTION;;;
BD000488;LARME / MONTEIL;LES PERES NOEL;LES PERES NOEL;;9.91;9.41;HUMOUR;4160388;BAGHEERA;9782908406672;HACHETTE;;;
BD000489;VEYRON;CACA RENTE;CACA RENTE;;12.04;11.44;;6062673;ALBIN MICHEL;9782226114822;HACHETTE;;;
BD000490;MANARA;REVOLUTION;REVOLUTION;;12.04;11.44;EROTIQUE;6062764;ALBIN MICHEL;9782226114907;HACHETTE;Un groupe de révolutionnaires fanatiques soutient la théorie selon laquelle notre société actuelle reproduit la société française à la veille de la Révolution de 1789. La télévision a créé une caste de gens riches et célèbres qui vivent une existence à part, un nouvel Olympe où n'a d'importance que ce qui passe à la télé. Ces nouveaux Jacobins séquestrent et jugent publiquement les nouveaux nobles, allant jusqu'à les condamner à mort et les guillotiner. Ces procès enflamment les masses populaires, toujours prêtes à massacrer ceux qu'elles avaient encensés peu de temps avant. Bientôt une guillotine est installée sur chaque place, et la chasse aux VIP se déchaîne.;;
BD000491;BEC / BETBEDER;HOTEL PARTICULIER;HOTEL PARTICULIER - T1;;15.09;14.34;;5304076;SOLEIL PRODUCTIONS;9782845651050;HACHETTE;;;
BD000492;MANGIN / GAJIC;LE FLEAU DES DIEUX;MORITURI TE SALUTANT - T1;;12.5;11.88;;;SOLEIL PRODUCTIONS;2845650981;HACHETTE;Depuis 1000 ans, l'Orbis, l'Empire Romain Galactique est en paix. Soudain une terrible nouvelle éclate : les Huns ont pillé Aquincum, une planète provinciale. L'empereur réunit aussitôt ses légions mais le destin est contre lui. Il meurt avant même le début de la guerre. L'Orbis doit céder et accepte de livrer 12 jeunes patriciens pour qu'ils soient sacrifiés à Kerka, la déesse du chaos adorée par les Huns.;;
BD000493;HERGE;TINTIN;L'ILE NOIRE (1938) - FAC SIMILE 132 PAGES N&B;;16.62;15.79;AVENTURE;;CASTERMAN;9782203011076;UNION DISTRIBUTION;FAC SIMILE 132 PAGES NOIR ET BLANC;;
BD000494;HERGE;TINTIN;L'ILE NOIRE - FAC SIMILE VERSION 1943;;16.62;15.79;AVENTURE;;CASTERMAN;9782203011373;UNION DISTRIBUTION;FAC SIMILE COULEURS 64 PAGES;;
BD000495;HERGE;TINTIN;LE SCEPTRE D'OTTOKAR;;8.84;8.4;AVENTURE;;CASTERMAN;9782203001077;UNION DISTRIBUTION;ALBUM CARTONNE;;
BD000496;GAETA;DOCTEUR GRAHMS;CINERIA CRUENTUS - T1;;12.5;11.88;;;SOLEIL PRODUCTIONS;;HACHETTE;Il ne faut pas ouvrir certaines portes...L'assassin est parmi nous !;;
BD000497;MICHEL / ISTIN;AQUILON;LA SOLIMERE - T1;;12.5;11.88;;;SOLEIL PRODUCTIONS;;HACHETTE;Sachez qu'entre le venue de Fedath le méphitique et les discordes magiques des trompes de Sedanios, il y eut une ère connue des chroniqueurs Arcadiens sous le nom de guerre Decarienne. Un âge obscur et mystérieux empli d'un souffle épique dont les instants les plus insipides paraîtraient aujourd'hui les plus héroïques ! Un temps reculé que ne soupçonne même pas l'alchimiste le plus fou ! Une époque où les sorcières se réfugièrent au sein des abîmes de Tyres. Sachez que leur maîtresse, Cyrka l'usurpatrice, étendait alors son ombre maléfique sur le monde que l'on nommait Syr'Naé. Sachez enfin qu'il est un roi, unique, dont les étoiles prédirent aux Vennkiz, l'avènement. Un roi, symbole d'unification, qui régna sur Syr'Naé durant 800 années gadariennes. Issu de la dynastie massacrée des Bagahald, il est Aquilon ! Suivez le, si vous l'osez, aux travers des tumultes de son épopée...;;
BD000498;BARBUCCI / CANEPA;SKY DOLL;LA VILLE JAUNE - T1;;12.5;11.88;;5303599;SOLEIL PRODUCTIONS;9782845650176;HACHETTE;;;
BD000499;CASTAZA / ANGE;KHATEDRA;LE VOYAGE - T1;;12.5;11.88;;5303458;SOLEIL PRODUCTIONS;9782845650633;HACHETTE;;;
BD000500;LATIL / JULIE;LES MANUSCRITS DE SANG;FOUILLES MORTELLES - T1;;9.45;8.98;;5303334;SOLEIL PRODUCTIONS;9782845650626;HACHETTE;;;
